-- phpMyAdmin SQL Dump
-- version 5.1.1
-- https://www.phpmyadmin.net/
--
-- Host: localhost
-- Waktu pembuatan: 23 Bulan Mei 2024 pada 18.09
-- Versi server: 10.4.21-MariaDB
-- Versi PHP: 7.4.27

SET SQL_MODE = "NO_AUTO_VALUE_ON_ZERO";
START TRANSACTION;
SET time_zone = "+00:00";


/*!40101 SET @OLD_CHARACTER_SET_CLIENT=@@CHARACTER_SET_CLIENT */;
/*!40101 SET @OLD_CHARACTER_SET_RESULTS=@@CHARACTER_SET_RESULTS */;
/*!40101 SET @OLD_COLLATION_CONNECTION=@@COLLATION_CONNECTION */;
/*!40101 SET NAMES utf8mb4 */;

--
-- Database: `pusdalops`
--

-- --------------------------------------------------------

--
-- Struktur dari tabel `asset_videos`
--

CREATE TABLE `asset_videos` (
  `id` int(11) NOT NULL,
  `url` varchar(255) DEFAULT NULL,
  `created_at` datetime DEFAULT NULL,
  `updated_at` datetime DEFAULT NULL
) ENGINE=InnoDB DEFAULT CHARSET=utf8mb4;

--
-- Dumping data untuk tabel `asset_videos`
--

INSERT INTO `asset_videos` (`id`, `url`, `created_at`, `updated_at`) VALUES
(1, 'https://youtu.be/TDWvU4xlPrY?si=bgudPaiR1-HX_dFx', '2024-05-23 15:52:00', '2024-05-23 15:52:00'),
(2, 'https://youtu.be/OUExh4d8NfQ?si=oFOI_nonTNh0jPti', '2024-05-23 15:52:12', '2024-05-23 15:52:12'),
(3, 'https://youtu.be/jY3X4Iph58k?si=8AnQW5MmivdeMs_f', '2024-05-23 15:52:24', '2024-05-23 15:52:24'),
(4, 'https://youtu.be/REavBf9ZBVk?si=EYnPphGIgi9lCJtu', '2024-05-23 15:52:39', '2024-05-23 15:52:39');

-- --------------------------------------------------------

--
-- Struktur dari tabel `berita`
--

CREATE TABLE `berita` (
  `id` int(11) NOT NULL,
  `judul` varchar(255) DEFAULT NULL,
  `kategori` varchar(255) DEFAULT NULL,
  `tanggal` date DEFAULT NULL,
  `penulis` varchar(255) DEFAULT NULL,
  `status` varchar(255) DEFAULT NULL,
  `content` text DEFAULT NULL,
  `image` varchar(255) DEFAULT NULL,
  `url` varchar(255) DEFAULT NULL,
  `created_at` datetime DEFAULT NULL,
  `updated_at` datetime DEFAULT NULL
) ENGINE=InnoDB DEFAULT CHARSET=utf8mb4;

--
-- Dumping data untuk tabel `berita`
--

INSERT INTO `berita` (`id`, `judul`, `kategori`, `tanggal`, `penulis`, `status`, `content`, `image`, `url`, `created_at`, `updated_at`) VALUES
(2, 'Perkembangan situasi lokasi kejadian gempa bumi Kab. Sigi', 'favorit', '2024-05-02', 'sabda', 'Ya', '<p class=\"ql-align-justify\">Gempa bumi terjadi di Desa Kamarora A dan Kamarora B Kec. Nokilalaki serta Desa Lembantongoa Kec. Palolo Kab. Sigi pada Minggu (06/08/23) berkekuatan 5.3 SR. Berdasarkan data dari BMKG, tercatat hingga Senin (07/08/23) pukul 22.40 WITA terjadi gempa susulan sebanyak 42 kali.</p><p class=\"ql-align-justify\"><br></p><p class=\"ql-align-justify\">BPBD Provinsi Sulawesi Tengah menurunkan Tim untuk melakukan kaji cepat dan mengaktifkan pos pendamping bencana. Berdasarkan data yang diperoleh dari tim, Penduduk di Desa Kamarora A sebanyak 1.794 jiwa yang terdiri dari 406 KK, masyarakat di Desa tersebut mendirikan pengungsian mandiri dengan jumlah jiwa yang berada di pengungsian sebanyak 210 jiwa (38 KK) yang terdiri dari 179 jiwa laki-laki, 31 jiwa perempuan, 20 jiwa balita, 13 bayi, 11 orang lansia, serta 2 jiwa penyandang disabilitas. Sedangkan di Desa Kamarora B jumlah penduduk sebanyak 317 jiwa (101 KK) yang terdiri dari 158 laki-laki, 159 perempuan, 16 lansia, 9 bayi, 27 anak anak serta 1 jiwa penyandang disabilitas.</p><p class=\"ql-align-justify\"><br></p><p class=\"ql-align-justify\">Kebutuhan mendesak di Desa Kamarora A dan Kamarora B yaitu peralatan tidur berupa selimut dan kelambu, makanan siap saji, serta tenda terpal sebagai alas. situasi saat ini, masyarakat dihimbau untuk tetap waspada karena gempa susulan masih terjadi. masyarakat mendirikan tenda masing-masing di luar rumah.</p><p class=\"ql-align-justify\">Hasil pendataan tim di Desa Lembantongoa, Kec. Palolo diperoleh jumlah penduduk sebanyak 792 jiwa yang terdiri dari 375 laki-laki, 417 perempuan, 100 balita, 34 bayi, 69 anak-anak, 11 ibu hamil, 34 ibu menyusui, 52 lansia, 58 orang sakit, dan 12 menyandang disabilitas.</p><p class=\"ql-align-justify\"><br></p><p class=\"ql-align-justify\">Bangunan terdampak di Dusun I sejumlah 21 unit rumah rusak dan 2 unit rumah ibadah. Dusun II sebanyak 9 unit rumah rusak, Dusun III terdapat 10 unit rumah rusak, Dusun 4 sebanyak 32 unit rumah rusak dan di Dusun 5 sejumlah 7 unit rumah rusak dan 2 fasilitas Pendidikan terdampak yaitu SMP SATAP 26 Sigi dan Sekolah PAUD.</p><p class=\"ql-align-justify\"><br></p><p class=\"ql-align-justify\">Pengungsian di Desa Lembantongoa terdiri dari pengungsi pos lapangan yang ditempati oleh 216 jiwa pengungsi yang terdiri dari 101 laki-laki, 115 perempuan, 40 anak-anak, 45 balita dan 17 lansia. Selain pengungsi pos lapangan, masyarakat juga membuat pengungsian mandiri di Dusun 5 (lima) sebanyak 576 jiwa yang terdiri dari 274 laki-laki, 302 perempuan, 34 bayi, 55 balita, 69 anak-anak, 11 ibu hamil, 34 ibu menyusui, 58 orang sakit, 34 lansia, serta 12 penyandang disabilitas.</p><p class=\"ql-align-justify\"><br></p><p class=\"ql-align-justify\">Kebutuhan mendesak di Desa Lembantongoa berupa tenda, logistic PB dan obat-obatan. Kondisi terkini di Desa Lembantongoa, masyarakat tetap dihimbau untuk waspada apabila terjadi gempa susulan dan masyarakat mendirikan tenda masing-masing di luar rumah.</p><p><br></p>', '1716479406612-20230808025521.jpeg', 'http://localhost:5001/public/images/1716479406612-20230808025521.jpeg', '2024-05-23 15:50:06', '2024-05-23 15:50:06'),
(3, 'Kekeringan melanda 3 kecamatan di Kabupaten Banggai Kepulauan', 'rekomendasi', '2024-05-02', 'sabda', 'Ya', '<p class=\"ql-align-justify\">Fenomena el-nino yang masih berlangsung menyebabkan terjadinya kekeringan. Beberapa wilayah di Sulawesi Tengah mengalami dampak tersebut. Kali ini, kekeringan terjadi di 16 Desa yang tersebar di 3 kecamatan yaitu Kec. Bulagi, Kec. Bulagi Selatan dan Kec. Bulagi Utara Kab. Banggai Kepulauan. Berdasarkan data yang diperoleh sebanyak 1.087 KK terdampak di Desa Kec. Bulagi, 304 KK terdampak di Kec. Bulagi Selatan dan 749 KK terdampak di Kec. Bulagi Utara.</p><p class=\"ql-align-justify\"><br></p><p class=\"ql-align-justify\">Instansi yang terlibat dalam penanganan kekeringan di kab. Banggai Kepulauan diantaranya BPBD Provinsi Sulawesi Tengah, BPBD Kab. Banggai Kepulauan, PMI Kab. Banggai Kepulauan, Damkar Kab. Banggai Kepulauan, PDAM Kab. Banggai Kepulauan, TNI serta Polsek Kec. Bulagi.</p><p class=\"ql-align-justify\"><br></p><p class=\"ql-align-justify\">Saat ini, masih dilakukan pendistribusian air dengan 3 unit mobil tangki. Air bersih diperoleh dari PDAM Bulagi dan sumber air yang terletak di Desa Bangunemo dengan jarak 23 KM dari Desa Alul. Akses jalan ke Desa Alul yang rusak mengakibatkan proses pengambilan dan pendistribusian air memakan waktu yang lama, serta tedapat kendala pada 2 unit mobil tangki dan tidak dapat melakukan pendistribusian di Desa Alul.</p><p class=\"ql-align-justify\"><br></p><p class=\"ql-align-justify\">Situasi saat ini, kondisi kekeringan masih berlangsung, masih dibutuhkan air bersih dan mobil tangki air untuk mendukung proses pendistribusian air yang lebih efektif dan merata di seluruh wilayah terdampak.</p><p class=\"ql-align-justify\"><br></p><p><br></p>', '1716479479117-20230611095410.jpeg', 'http://localhost:5001/public/images/1716479479117-20230611095410.jpeg', '2024-05-23 15:51:19', '2024-05-23 15:51:19'),
(4, 'Abrasi pantai menyebabkan rusaknya tanggul laut', 'terbaru', '2024-05-24', 'sabda', 'Ya', '<p class=\"ql-align-justify\">Sulteng - Kejadian Abrasi Pantai yang terjadi di Desa&nbsp;Matanga , Kecamatan&nbsp;Banggai Selatan , Kabupaten Banggai Laut, Sulawesi Tengah, Rabu(26/7/2023) Pukul 03:00 WITA.</p><p class=\"ql-align-justify\"><br></p><p class=\"ql-align-justify\">Dalam hal ini, kepala Bidang dan Kedaruratan Badan Penanggulangan Bencana Daerah ( BPBD) Provinsi Sulawesi Tengah, Andy Sembiring mengatakan melalui data terdapat 15 unit rumah warga yang terdampak.</p><p class=\"ql-align-justify\"><br></p><p class=\"ql-align-justify\">\"Melalui data, terdapat 15 unit rumah warga yang terdampak Abrasi pantai dan saat ini 5 Kepala Keluarga yang saat ini tengah mengungsi,\" Ucap Kepala bidang kedaruratan dan logistik</p><p class=\"ql-align-justify\"><br></p><p class=\"ql-align-justify\">Adapun kronologis dari kejadian ini karena tingginya air laut di sekitar Desa Matanga serta kondisi Tanggul Laut (Talut) yang sudah tidak berfungsi dengan baik menyebabkan gelombang air laut hingga naik kepemukiman dan merusak beberapa rumah warga</p><p class=\"ql-align-justify\"><br></p><p class=\"ql-align-justify\">Untuk situasi terakhir sebagian warga yang terdampak mengungsi ke rumah kerabat dan upaya BPBD menghimbau warga untuk tetap selalu waspada terhadap abrasi pantai susulan.</p><p><br></p>', '1716480337501-20232707101710.jpeg', 'http://localhost:5001/public/images/1716480337501-20232707101710.jpeg', '2024-05-23 16:05:37', '2024-05-23 16:05:37');

-- --------------------------------------------------------

--
-- Struktur dari tabel `dokumens`
--

CREATE TABLE `dokumens` (
  `id` int(11) NOT NULL,
  `judul` varchar(255) DEFAULT NULL,
  `id_jenis_dokumen` varchar(255) DEFAULT NULL,
  `tahun` varchar(255) DEFAULT NULL,
  `file_name` varchar(255) DEFAULT NULL,
  `url` varchar(255) DEFAULT NULL,
  `created_at` datetime DEFAULT NULL,
  `updated_at` datetime DEFAULT NULL
) ENGINE=InnoDB DEFAULT CHARSET=utf8mb4;

--
-- Dumping data untuk tabel `dokumens`
--

INSERT INTO `dokumens` (`id`, `judul`, `id_jenis_dokumen`, `tahun`, `file_name`, `url`, `created_at`, `updated_at`) VALUES
(1, 'Rapat Reviu Rencana Umum Pengadaan dan Pendampingan Penginputan (RUP)', 'a20f4e67-7676-4aab-bf7f-7a8b6aee1fef', '2023', '1716479623710-Juklak 3 Tahun 2022 Petunjuk Pelaksanaan Pengkajian Cepat pada Keadaan Darurat Bencana (1).pdf', 'http://localhost:5001/1716479623710-Juklak 3 Tahun 2022 Petunjuk Pelaksanaan Pengkajian Cepat pada Keadaan Darurat Bencana (1).pdf', '2024-05-23 15:53:43', '2024-05-23 15:53:43');

-- --------------------------------------------------------

--
-- Struktur dari tabel `dokumentasis`
--

CREATE TABLE `dokumentasis` (
  `id_dokumentasi` int(11) NOT NULL,
  `id_kejadian` varchar(255) DEFAULT NULL,
  `keterangan` varchar(255) DEFAULT NULL,
  `jenis_file` varchar(255) DEFAULT NULL,
  `url` varchar(255) DEFAULT NULL,
  `image` varchar(255) DEFAULT NULL,
  `created_at` datetime DEFAULT NULL,
  `updated_at` datetime DEFAULT NULL
) ENGINE=InnoDB DEFAULT CHARSET=utf8mb4;

--
-- Dumping data untuk tabel `dokumentasis`
--

INSERT INTO `dokumentasis` (`id_dokumentasi`, `id_kejadian`, `keterangan`, `jenis_file`, `url`, `image`, `created_at`, `updated_at`) VALUES
(1, '50f06612-b7c7-49ca-9b77-81feec240e4d', 'image', 'Kordinasi', 'http://localhost:5001/public/images/1716479834013-20230303081228.jpeg', '1716479834013-20230303081228.jpeg', '2024-05-23 15:57:14', '2024-05-23 15:57:14'),
(2, 'ad42b205-6bb8-4275-be77-308ae44cf945', '-', 'Infografis', 'http://localhost:5001/public/images/1716479892593-20241202015525.jpeg', '1716479892593-20241202015525.jpeg', '2024-05-23 15:58:12', '2024-05-23 15:58:12'),
(3, 'baa3c42a-d139-41e6-b179-d1fd85839f81', '-', 'Lainnya', 'http://localhost:5001/public/images/1716479942342-20242005103642.jpeg', '1716479942342-20242005103642.jpeg', '2024-05-23 15:59:02', '2024-05-23 15:59:02');

-- --------------------------------------------------------

--
-- Struktur dari tabel `jenis_dokumens`
--

CREATE TABLE `jenis_dokumens` (
  `id` varchar(255) NOT NULL,
  `nama` varchar(255) DEFAULT NULL,
  `created_at` datetime DEFAULT NULL,
  `updated_at` datetime DEFAULT NULL,
  `deleted_at` datetime DEFAULT NULL
) ENGINE=InnoDB DEFAULT CHARSET=utf8mb4;

--
-- Dumping data untuk tabel `jenis_dokumens`
--

INSERT INTO `jenis_dokumens` (`id`, `nama`, `created_at`, `updated_at`, `deleted_at`) VALUES
('67a095f0-85af-4ba5-a784-b4438126f989', 'SOP', '2024-05-23 15:53:01', '2024-05-23 15:53:01', NULL),
('a20f4e67-7676-4aab-bf7f-7a8b6aee1fef', 'Peraturan', '2024-05-23 15:53:12', '2024-05-23 15:53:12', NULL),
('a932ff03-8976-4440-84e5-e1bf10a6e65a', 'Infografis', '2024-05-23 15:53:22', '2024-05-23 15:53:22', NULL);

-- --------------------------------------------------------

--
-- Struktur dari tabel `jenis_kejadians`
--

CREATE TABLE `jenis_kejadians` (
  `id` varchar(255) NOT NULL,
  `nama` varchar(255) DEFAULT NULL,
  `created_at` datetime DEFAULT NULL,
  `updated_at` datetime DEFAULT NULL,
  `deleted_at` datetime DEFAULT NULL
) ENGINE=InnoDB DEFAULT CHARSET=utf8mb4;

--
-- Dumping data untuk tabel `jenis_kejadians`
--

INSERT INTO `jenis_kejadians` (`id`, `nama`, `created_at`, `updated_at`, `deleted_at`) VALUES
('0fff1264-b3e3-4a3b-9956-31a18c495bf0', 'Puting Beliung', '2024-05-16 03:09:35', '2024-05-16 03:09:35', NULL),
('1052c660-a8a6-48ff-9ad8-e563caa9dcbd', 'Banjir ROB', '2024-05-16 03:08:49', '2024-05-16 03:08:49', NULL),
('19386582-ae5c-459c-86e9-2066a6004db3', 'Gelombang Pasang', '2024-05-16 03:09:48', '2024-05-16 03:09:48', NULL),
('44c4bb5a-223e-4770-b155-4a6d4e254425', 'Tsunami', '2024-05-15 11:42:01', '2024-05-15 11:42:01', NULL),
('56aba378-cd31-4b50-ab8a-3af648354c67', 'Gempa Bumi', '2024-05-15 11:41:56', '2024-05-15 11:41:56', NULL),
('80b02c13-c358-4e28-9ab5-1a434065caed', 'Gempa Bumi dan Tsunami', '2024-05-16 03:10:48', '2024-05-16 03:10:48', NULL),
('8f850cb1-24c3-4349-a771-6aa870a70bd9', 'Likuifaksi', '2024-05-16 03:10:30', '2024-05-16 03:10:30', NULL),
('a4e1642d-b628-4399-bcd1-8235dffea23f', 'Kekeringan', '2024-05-16 03:10:07', '2024-05-16 03:10:07', NULL),
('ae5acdf9-d4be-4e54-80f9-4cb01a0196e9', 'Tanah Longsor', '2024-05-15 11:42:08', '2024-05-15 11:42:08', NULL),
('d46304c1-8e72-4f57-be3b-4c7458e7202f', 'Banjir', '2024-05-15 11:42:13', '2024-05-15 11:42:13', NULL),
('d9095049-965c-497f-98c9-e040060bcc3f', 'Karhula', '2024-05-16 03:10:01', '2024-05-16 03:10:01', NULL),
('e586e785-bf48-408f-bcad-1fa1f2a188b4', 'Banjir dan Tanah Longsor', '2024-05-16 03:11:03', '2024-05-16 03:11:03', NULL),
('fb216081-1faf-4e52-a377-2708776b461c', 'Abrasi Pantai', '2024-05-15 11:41:49', '2024-05-15 11:41:49', NULL),
('fbf37748-144e-4807-8da0-f44a38e226a9', 'Banjir Bandang', '2024-05-15 11:42:21', '2024-05-15 11:42:21', NULL);

-- --------------------------------------------------------

--
-- Struktur dari tabel `kabupatens`
--

CREATE TABLE `kabupatens` (
  `id` varchar(255) NOT NULL,
  `province_id` varchar(255) DEFAULT NULL,
  `name` varchar(255) DEFAULT NULL,
  `lat` varchar(255) DEFAULT NULL,
  `long` varchar(255) DEFAULT NULL,
  `created_at` datetime DEFAULT NULL,
  `updated_at` datetime DEFAULT NULL
) ENGINE=InnoDB DEFAULT CHARSET=utf8mb4;

--
-- Dumping data untuk tabel `kabupatens`
--

INSERT INTO `kabupatens` (`id`, `province_id`, `name`, `lat`, `long`, `created_at`, `updated_at`) VALUES
('7201', '72', 'KAB. BANGGAI', '', '', NULL, NULL),
('7202', '72', 'KAB. POSO', '', '', NULL, NULL),
('7203', '72', 'KAB. DONGGALA', '', '', NULL, NULL),
('7204', '72', 'KAB. TOLI TOLI', '', '', NULL, NULL),
('7205', '72', 'KAB. BUOL', '', '', NULL, NULL),
('7206', '72', 'KAB. MOROWALI', '', '', NULL, NULL),
('7207', '72', 'KAB. BANGGAI KEPULAUAN', '', '', NULL, NULL),
('7208', '72', 'KAB. PARIGI MOUTONG', '', '', NULL, NULL),
('7209', '72', 'KAB. TOJO UNA UNA', '', '', NULL, NULL),
('7210', '72', 'KAB. SIGI', '', '', NULL, NULL),
('7211', '72', 'KAB. BANGGAI LAUT', '', '', NULL, NULL),
('7212', '72', 'KAB. MOROWALI UTARA', '', '', NULL, NULL),
('7271', '72', 'KOTA PALU', '', '', NULL, NULL);

-- --------------------------------------------------------

--
-- Struktur dari tabel `kecamatans`
--

CREATE TABLE `kecamatans` (
  `id` varchar(255) NOT NULL,
  `kabupaten_id` varchar(255) DEFAULT NULL,
  `name` varchar(255) DEFAULT NULL,
  `created_at` datetime DEFAULT NULL,
  `updated_at` datetime DEFAULT NULL
) ENGINE=InnoDB DEFAULT CHARSET=utf8mb4;

--
-- Dumping data untuk tabel `kecamatans`
--

INSERT INTO `kecamatans` (`id`, `kabupaten_id`, `name`, `created_at`, `updated_at`) VALUES
('720101', '7201', 'Batui', NULL, NULL),
('720102', '7201', 'Bunta', NULL, NULL),
('720103', '7201', 'Kintom', NULL, NULL),
('720104', '7201', 'Luwuk', NULL, NULL),
('720105', '7201', 'Lamala', NULL, NULL),
('720106', '7201', 'Balantak', NULL, NULL),
('720107', '7201', 'Pagimana', NULL, NULL),
('720108', '7201', 'Bualemo', NULL, NULL),
('720109', '7201', 'Toili', NULL, NULL),
('720110', '7201', 'Masama', NULL, NULL),
('720111', '7201', 'Luwuk Timur', NULL, NULL),
('720112', '7201', 'Toili Barat', NULL, NULL),
('720113', '7201', 'Nuhon', NULL, NULL),
('720114', '7201', 'Moilong', NULL, NULL),
('720115', '7201', 'Batui Selatan', NULL, NULL),
('720116', '7201', 'Lobu', NULL, NULL),
('720117', '7201', 'Simpang Raya', NULL, NULL),
('720118', '7201', 'Balantak Selatan', NULL, NULL),
('720119', '7201', 'Balantak Utara', NULL, NULL),
('720120', '7201', 'Luwuk Selatan', NULL, NULL),
('720121', '7201', 'Luwuk Utara', NULL, NULL),
('720122', '7201', 'Mantoh', NULL, NULL),
('720123', '7201', 'Nambo', NULL, NULL),
('720201', '7202', 'Poso Kota', NULL, NULL),
('720202', '7202', 'Poso Pesisir', NULL, NULL),
('720203', '7202', 'Lage', NULL, NULL),
('720204', '7202', 'Pamona Puselemba', NULL, NULL),
('720205', '7202', 'Pamona Timur', NULL, NULL),
('720206', '7202', 'Pamona Selatan', NULL, NULL),
('720207', '7202', 'Lore Utara', NULL, NULL),
('720208', '7202', 'Lore Tengah', NULL, NULL),
('720209', '7202', 'Lore Selatan', NULL, NULL),
('720218', '7202', 'Poso Pesisir Utara', NULL, NULL),
('720219', '7202', 'Poso Pesisir Selatan', NULL, NULL),
('720220', '7202', 'Pamona Barat', NULL, NULL),
('720221', '7202', 'Poso Kota Selatan', NULL, NULL),
('720222', '7202', 'Poso Kota Utara', NULL, NULL),
('720223', '7202', 'Lore Barat', NULL, NULL),
('720224', '7202', 'Lore Timur', NULL, NULL),
('720225', '7202', 'Lore Piore', NULL, NULL),
('720226', '7202', 'Pamona Tenggara', NULL, NULL),
('720227', '7202', 'Pamona Utara', NULL, NULL),
('720304', '7203', 'Rio Pakava', NULL, NULL),
('720306', '7203', 'Dampelas', NULL, NULL),
('720308', '7203', 'Banawa', NULL, NULL),
('720309', '7203', 'Labuan', NULL, NULL),
('720310', '7203', 'Sindue', NULL, NULL),
('720311', '7203', 'Sirenja', NULL, NULL),
('720312', '7203', 'Balaesang', NULL, NULL),
('720314', '7203', 'Sojol', NULL, NULL),
('720318', '7203', 'Banawa Selatan', NULL, NULL),
('720319', '7203', 'Tanantovea', NULL, NULL),
('720321', '7203', 'Pinembani', NULL, NULL),
('720324', '7203', 'Sindue Tombusabora', NULL, NULL),
('720325', '7203', 'Sindue Tobata', NULL, NULL),
('720327', '7203', 'Banawa Tengah', NULL, NULL),
('720330', '7203', 'Sojol Utara', NULL, NULL),
('720331', '7203', 'Balaesang Tanjung', NULL, NULL),
('720401', '7204', 'Dampal Selatan', NULL, NULL),
('720402', '7204', 'Dampal Utara', NULL, NULL),
('720403', '7204', 'Dondo', NULL, NULL),
('720404', '7204', 'Basidondo', NULL, NULL),
('720405', '7204', 'Ogodeide', NULL, NULL),
('720406', '7204', 'Lampasio', NULL, NULL),
('720407', '7204', 'Baolan', NULL, NULL),
('720408', '7204', 'Galang', NULL, NULL),
('720409', '7204', 'Toli-Toli Utara', NULL, NULL),
('720410', '7204', 'Dako Pemean', NULL, NULL),
('720501', '7205', 'Momunu', NULL, NULL),
('720502', '7205', 'Lakea', NULL, NULL),
('720503', '7205', 'Bokat', NULL, NULL),
('720504', '7205', 'Bunobogu', NULL, NULL),
('720505', '7205', 'Paleleh', NULL, NULL),
('720506', '7205', 'Biau', NULL, NULL),
('720507', '7205', 'Tiloan', NULL, NULL),
('720508', '7205', 'Bukal', NULL, NULL),
('720509', '7205', 'Gadung', NULL, NULL),
('720510', '7205', 'Karamat', NULL, NULL),
('720511', '7205', 'Paleleh Barat', NULL, NULL),
('720605', '7206', 'Bungku Tengah', NULL, NULL),
('720606', '7206', 'Bungku Selatan', NULL, NULL),
('720607', '7206', 'Menui Kepulauan', NULL, NULL),
('720608', '7206', 'Bungku Barat', NULL, NULL),
('720609', '7206', 'Bumi Raya', NULL, NULL),
('720610', '7206', 'Bahodopi', NULL, NULL),
('720612', '7206', 'Wita Ponda', NULL, NULL),
('720615', '7206', 'Bungku Pesisir', NULL, NULL),
('720618', '7206', 'Bungku Timur', NULL, NULL),
('720703', '7207', 'Totikum', NULL, NULL),
('720704', '7207', 'Tinangkung', NULL, NULL),
('720705', '7207', 'Liang', NULL, NULL),
('720706', '7207', 'Bulagi', NULL, NULL),
('720707', '7207', 'Buko', NULL, NULL),
('720709', '7207', 'Bulagi Selatan', NULL, NULL),
('720711', '7207', 'Tinangkung Selatan', NULL, NULL),
('720715', '7207', 'Totikum Selatan', NULL, NULL),
('720716', '7207', 'Peling Tengah', NULL, NULL),
('720717', '7207', 'Bulagi Utara', NULL, NULL),
('720718', '7207', 'Buko Selatan', NULL, NULL),
('720719', '7207', 'Tinangkung Utara', NULL, NULL),
('720801', '7208', 'Parigi', NULL, NULL),
('720802', '7208', 'Ampibabo', NULL, NULL),
('720803', '7208', 'Tinombo', NULL, NULL),
('720804', '7208', 'Moutong', NULL, NULL),
('720805', '7208', 'Tomini', NULL, NULL),
('720806', '7208', 'Sausu', NULL, NULL),
('720807', '7208', 'Bolano Lambunu', NULL, NULL),
('720808', '7208', 'Kasimbar', NULL, NULL),
('720809', '7208', 'Torue', NULL, NULL),
('720810', '7208', 'Tinombo Selatan', NULL, NULL),
('720811', '7208', 'Parigi Selatan', NULL, NULL),
('720812', '7208', 'Mepanga', NULL, NULL),
('720813', '7208', 'Toribulu', NULL, NULL),
('720814', '7208', 'Taopa', NULL, NULL),
('720815', '7208', 'Balinggi', NULL, NULL),
('720816', '7208', 'Parigi Barat', NULL, NULL),
('720817', '7208', 'Siniu', NULL, NULL),
('720818', '7208', 'Palasa', NULL, NULL),
('720819', '7208', 'Parigi Utara', NULL, NULL),
('720820', '7208', 'Parigi Tengah', NULL, NULL),
('720821', '7208', 'Bolano', NULL, NULL),
('720822', '7208', 'Ongka Malino', NULL, NULL),
('720823', '7208', 'Sidoan', NULL, NULL),
('720901', '7209', 'Una Una', NULL, NULL),
('720902', '7209', 'Togean', NULL, NULL),
('720903', '7209', 'Walea Kepulauan', NULL, NULL),
('720904', '7209', 'Ampana Tete', NULL, NULL),
('720905', '7209', 'Ampana Kota', NULL, NULL),
('720906', '7209', 'Ulubongka', NULL, NULL),
('720907', '7209', 'Tojo Barat', NULL, NULL),
('720908', '7209', 'Tojo', NULL, NULL),
('720909', '7209', 'Walea Besar', NULL, NULL),
('720910', '7209', 'Ratolindo', NULL, NULL),
('720911', '7209', 'Batudaka', NULL, NULL),
('720912', '7209', 'Talatako', NULL, NULL),
('721001', '7210', 'Sigi Biromaru', NULL, NULL),
('721002', '7210', 'Palolo', NULL, NULL),
('721003', '7210', 'Nokilalaki', NULL, NULL),
('721004', '7210', 'Lindu', NULL, NULL),
('721005', '7210', 'Kulawi', NULL, NULL),
('721006', '7210', 'Kulawi Selatan', NULL, NULL),
('721007', '7210', 'Pipikoro', NULL, NULL),
('721008', '7210', 'Gumbasa', NULL, NULL),
('721009', '7210', 'Dolo Selatan', NULL, NULL),
('721010', '7210', 'Tanambulava', NULL, NULL),
('721011', '7210', 'Dolo Barat', NULL, NULL),
('721012', '7210', 'Dolo', NULL, NULL),
('721013', '7210', 'Kinovaro', NULL, NULL),
('721014', '7210', 'Marawola', NULL, NULL),
('721015', '7210', 'Marawola Barat', NULL, NULL),
('721101', '7211', 'Banggai', NULL, NULL),
('721102', '7211', 'Banggai Utara', NULL, NULL),
('721103', '7211', 'Bokan Kepulauan', NULL, NULL),
('721104', '7211', 'Bangkurung', NULL, NULL),
('721105', '7211', 'Labobo', NULL, NULL),
('721106', '7211', 'Banggai Selatan', NULL, NULL),
('721107', '7211', 'Banggai Tengah', NULL, NULL),
('721201', '7212', 'Petasia', NULL, NULL),
('721202', '7212', 'Petasia Timur', NULL, NULL),
('721203', '7212', 'Lembo Raya', NULL, NULL),
('721204', '7212', 'Lembo', NULL, NULL),
('721205', '7212', 'Mori Atas', NULL, NULL),
('721206', '7212', 'Mori Utara', NULL, NULL),
('721207', '7212', 'Soyo Jaya', NULL, NULL),
('721208', '7212', 'Bungku Utara', NULL, NULL),
('721209', '7212', 'Mamosalato', NULL, NULL),
('721210', '7212', 'Petasia Barat', NULL, NULL),
('727101', '7271', 'Palu Timur', NULL, NULL),
('727102', '7271', 'Palu Barat', NULL, NULL),
('727103', '7271', 'Palu Selatan', NULL, NULL),
('727104', '7271', 'Palu Utara', NULL, NULL),
('727105', '7271', 'Ulujadi', NULL, NULL),
('727106', '7271', 'Tatanga', NULL, NULL),
('727107', '7271', 'Tawaeli', NULL, NULL),
('727108', '7271', 'Mantikulore', NULL, NULL);

-- --------------------------------------------------------

--
-- Struktur dari tabel `kejadian_bencanas`
--

CREATE TABLE `kejadian_bencanas` (
  `id_kejadian` varchar(255) NOT NULL,
  `id_user` int(11) DEFAULT NULL,
  `id_jenis_kejadian` varchar(255) DEFAULT NULL,
  `kronologis` text DEFAULT NULL,
  `tanggal` varchar(255) DEFAULT NULL,
  `jam` varchar(255) DEFAULT NULL,
  `titik_lokasi` varchar(255) DEFAULT NULL,
  `file_laporan_akhir` varchar(255) DEFAULT NULL,
  `url` varchar(255) DEFAULT NULL,
  `status_ditangani` varchar(255) DEFAULT NULL,
  `verification` tinyint(1) DEFAULT 0,
  `created_at` datetime DEFAULT NULL,
  `updated_at` datetime DEFAULT NULL,
  `deleted_at` datetime DEFAULT NULL,
  `ket` varchar(255) DEFAULT NULL
) ENGINE=InnoDB DEFAULT CHARSET=utf8mb4;

--
-- Dumping data untuk tabel `kejadian_bencanas`
--

INSERT INTO `kejadian_bencanas` (`id_kejadian`, `id_user`, `id_jenis_kejadian`, `kronologis`, `tanggal`, `jam`, `titik_lokasi`, `file_laporan_akhir`, `url`, `status_ditangani`, `verification`, `created_at`, `updated_at`, `deleted_at`, `ket`) VALUES
('50f06612-b7c7-49ca-9b77-81feec240e4d', 1, 'd46304c1-8e72-4f57-be3b-4c7458e7202f', 'Saat ini, masih dilakukan pendistribusian air dengan 3 unit mobil tangki. Air bersih diperoleh dari PDAM Bulagi dan sumber air yang terletak di Desa Bangunemo dengan jarak 23 KM dari Desa Alul. Akses jalan ke Desa Alul yang rusak mengakibatkan proses pengambilan dan pendistribusian air memakan waktu yang lama, serta tedapat kendala pada 2 unit mobil tangki dan tidak dapat melakukan pendistribusian di Desa Alul.\r\n\r\nSituasi saat ini, kondisi kekeringan masih berlangsung, masih dibutuhkan air bersih dan mobil tangki air untuk mendukung proses pendistribusian air yang lebih efektif dan merata di seluruh wilayah terdampak.', '2024-05-24', '23:55', 'http://localhost:5173/tambah-data-bencana', '1716479833968-DIBSULTENG.pdf', 'http://localhost:5001/public/images/1716479833968-DIBSULTENG.pdf', 'Ya', 0, '2024-05-23 15:57:13', '2024-05-23 15:57:13', NULL, '7203'),
('ad42b205-6bb8-4275-be77-308ae44cf945', 1, 'ae5acdf9-d4be-4e54-80f9-4cb01a0196e9', 'Saat ini, masih dilakukan pendistribusian air dengan 3 unit mobil tangki. Air bersih diperoleh dari PDAM Bulagi dan sumber air yang terletak di Desa Bangunemo dengan jarak 23 KM dari Desa Alul. Akses jalan ke Desa Alul yang rusak mengakibatkan proses pengambilan dan pendistribusian air memakan waktu yang lama, serta tedapat kendala pada 2 unit mobil tangki dan tidak dapat melakukan pendistribusian di Desa Alul.\r\n\r\nSituasi saat ini, kondisi kekeringan masih berlangsung, masih dibutuhkan air bersih dan mobil tangki air untuk mendukung proses pendistribusian air yang lebih efektif dan merata di seluruh wilayah terdampak.', '2024-05-02', '23:57', '', '', '', 'Tidak', 0, '2024-05-23 15:58:12', '2024-05-23 15:58:12', NULL, '7203'),
('baa3c42a-d139-41e6-b179-d1fd85839f81', 1, 'd9095049-965c-497f-98c9-e040060bcc3f', 'Saat ini, masih dilakukan pendistribusian air dengan 3 unit mobil tangki. Air bersih diperoleh dari PDAM Bulagi dan sumber air yang terletak di Desa Bangunemo dengan jarak 23 KM dari Desa Alul. Akses jalan ke Desa Alul yang rusak mengakibatkan proses pengambilan dan pendistribusian air memakan waktu yang lama, serta tedapat kendala pada 2 unit mobil tangki dan tidak dapat melakukan pendistribusian di Desa Alul.\r\n\r\nSituasi saat ini, kondisi kekeringan masih berlangsung, masih dibutuhkan air bersih dan mobil tangki air untuk mendukung proses pendistribusian air yang lebih efektif dan merata di seluruh wilayah terdampak.', '2023-10-17', '23:59', '', '1716479942298-DIBSULTENG.pdf', 'http://localhost:5001/public/images/1716479942298-DIBSULTENG.pdf', 'Ya', 0, '2024-05-23 15:59:02', '2024-05-23 15:59:02', NULL, '7210');

-- --------------------------------------------------------

--
-- Struktur dari tabel `kelurahans`
--

CREATE TABLE `kelurahans` (
  `id` varchar(255) NOT NULL,
  `kecamatan_id` varchar(255) DEFAULT NULL,
  `name` varchar(255) DEFAULT NULL,
  `created_at` datetime DEFAULT NULL,
  `updated_at` datetime DEFAULT NULL
) ENGINE=InnoDB DEFAULT CHARSET=utf8mb4;

--
-- Dumping data untuk tabel `kelurahans`
--

INSERT INTO `kelurahans` (`id`, `kecamatan_id`, `name`, `created_at`, `updated_at`) VALUES
('7201011006', '720101', 'Bugis', NULL, NULL),
('7201011007', '720101', 'Balantang', NULL, NULL),
('7201011008', '720101', 'Batui', NULL, NULL),
('7201011009', '720101', 'Tolando', NULL, NULL),
('7201011010', '720101', 'Lamo', NULL, NULL),
('7201011017', '720101', 'Sisipan', NULL, NULL),
('7201011023', '720101', 'Bakung', NULL, NULL),
('7201012002', '720101', 'Nonong', NULL, NULL),
('7201012003', '720101', 'Kayowa', NULL, NULL),
('7201012005', '720101', 'Ondo-Ondolu', NULL, NULL),
('7201012011', '720101', 'Honbola', NULL, NULL),
('7201012012', '720101', 'Uso', NULL, NULL),
('7201012016', '720101', 'Ondo-Ondolu I', NULL, NULL),
('7201021014', '720102', 'Bunta I', NULL, NULL),
('7201021025', '720102', 'Bunta II', NULL, NULL),
('7201021047', '720102', 'Salabenda', NULL, NULL),
('7201021048', '720102', 'Kalaka', NULL, NULL),
('7201022015', '720102', 'Bohotokong', NULL, NULL),
('7201022016', '720102', 'Dondo Soboli', NULL, NULL),
('7201022017', '720102', 'Laonggo', NULL, NULL),
('7201022023', '720102', 'Hion', NULL, NULL),
('7201022024', '720102', 'Tombongan Ulos', NULL, NULL),
('7201022026', '720102', 'Pongian', NULL, NULL),
('7201022027', '720102', 'Tuntung', NULL, NULL),
('7201022028', '720102', 'Nanga-Nangaon', NULL, NULL),
('7201022029', '720102', 'Toima', NULL, NULL),
('7201022030', '720102', 'Matabas', NULL, NULL),
('7201022031', '720102', 'Huhak', NULL, NULL),
('7201022032', '720102', 'Lontio', NULL, NULL),
('7201022041', '720102', 'Demangan Jaya', NULL, NULL),
('7201022042', '720102', 'Balanga', NULL, NULL),
('7201022043', '720102', 'Longgolian', NULL, NULL),
('7201022044', '720102', 'Kalumbangan', NULL, NULL),
('7201022045', '720102', 'Polo', NULL, NULL),
('7201022049', '720102', 'Koili', NULL, NULL),
('7201031006', '720103', 'Kintom', NULL, NULL),
('7201031010', '720103', 'Mendono', NULL, NULL),
('7201031017', '720103', 'Mondonun', NULL, NULL),
('7201032001', '720103', 'Kalolos', NULL, NULL),
('7201032002', '720103', 'Tangkiang', NULL, NULL),
('7201032003', '720103', 'Padang', NULL, NULL),
('7201032004', '720103', 'Manyula', NULL, NULL),
('7201032005', '720103', 'Uling', NULL, NULL),
('7201032007', '720103', 'Samadoya', NULL, NULL),
('7201032008', '720103', 'Dimpalon', NULL, NULL),
('7201032009', '720103', 'Solan', NULL, NULL),
('7201032013', '720103', 'Babang Buyangge', NULL, NULL),
('7201032015', '720103', 'Solan Baru', NULL, NULL),
('7201032019', '720103', 'Dimpalon Baru', NULL, NULL),
('7201041009', '720104', 'Luwuk', NULL, NULL),
('7201041010', '720104', 'Baru', NULL, NULL),
('7201041011', '720104', 'Soho', NULL, NULL),
('7201041012', '720104', 'Bungin', NULL, NULL),
('7201041031', '720104', 'Karaton', NULL, NULL),
('7201041033', '720104', 'Kaleke', NULL, NULL),
('7201041034', '720104', 'Bungin Timur', NULL, NULL),
('7201041035', '720104', 'Mangkio Baru-Hanga Permai', NULL, NULL),
('7201042008', '720104', 'Tontouan', NULL, NULL),
('7201042013', '720104', 'Lumpoknyo', NULL, NULL),
('7201052009', '720105', 'Nipa', NULL, NULL),
('7201052010', '720105', 'Kagitakan', NULL, NULL),
('7201052011', '720105', 'Sirom', NULL, NULL),
('7201052012', '720105', 'Poroan', NULL, NULL),
('7201052013', '720105', 'Lomba', NULL, NULL),
('7201052014', '720105', 'Bonebobakal', NULL, NULL),
('7201052015', '720105', 'Baruga', NULL, NULL),
('7201052016', '720105', 'Kotabaru', NULL, NULL),
('7201052017', '720105', 'Labotan', NULL, NULL),
('7201052023', '720105', 'Tinonda', NULL, NULL),
('7201052027', '720105', 'Bahari Makmur', NULL, NULL),
('7201052028', '720105', 'Kota Raya', NULL, NULL),
('7201061020', '720106', 'Balantak', NULL, NULL),
('7201061030', '720106', 'Dale-Dale', NULL, NULL),
('7201061031', '720106', 'Talang Batu', NULL, NULL),
('7201062009', '720106', 'Talima A', NULL, NULL),
('7201062010', '720106', 'Talima B', NULL, NULL),
('7201062013', '720106', 'Dolom', NULL, NULL),
('7201062014', '720106', 'Kiloma', NULL, NULL),
('7201062015', '720106', 'Rau', NULL, NULL),
('7201062016', '720106', 'Tanotu', NULL, NULL),
('7201062017', '720106', 'Padang', NULL, NULL),
('7201062018', '720106', 'Mamping', NULL, NULL),
('7201062021', '720106', 'Luok', NULL, NULL),
('7201062027', '720106', 'Boloak', NULL, NULL),
('7201071011', '720107', 'Pakowa', NULL, NULL),
('7201071018', '720107', 'Pagimana', NULL, NULL),
('7201071022', '720107', 'Basabungan', NULL, NULL),
('7201072001', '720107', 'Baloa Doda', NULL, NULL),
('7201072002', '720107', 'Tampe', NULL, NULL),
('7201072010', '720107', 'Asaan', NULL, NULL),
('7201072012', '720107', 'Balai Gondi', NULL, NULL),
('7201072013', '720107', 'Bajo Poat', NULL, NULL),
('7201072014', '720107', 'Gomuo', NULL, NULL),
('7201072015', '720107', 'Nain', NULL, NULL),
('7201072016', '720107', 'Lamo', NULL, NULL),
('7201072017', '720107', 'Tongkonunuk', NULL, NULL),
('7201072019', '720107', 'Hohudongan', NULL, NULL),
('7201072020', '720107', 'Sinampangnyo', NULL, NULL),
('7201072021', '720107', 'Jaya Bakti', NULL, NULL),
('7201072023', '720107', 'Pisou', NULL, NULL),
('7201072024', '720107', 'Lambangan', NULL, NULL),
('7201072025', '720107', 'Toipan', NULL, NULL),
('7201072026', '720107', 'Siuna', NULL, NULL),
('7201072027', '720107', 'Pinapuan', NULL, NULL),
('7201072029', '720107', 'Sepa', NULL, NULL),
('7201072030', '720107', 'Taloyon', NULL, NULL),
('7201072031', '720107', 'Uwedaka', NULL, NULL),
('7201072032', '720107', 'Tintingan', NULL, NULL),
('7201072033', '720107', 'Bungawon', NULL, NULL),
('7201072034', '720107', 'Huhak', NULL, NULL),
('7201072035', '720107', 'Poh', NULL, NULL),
('7201072037', '720107', 'Bondat', NULL, NULL),
('7201072038', '720107', 'Sammajatem', NULL, NULL),
('7201072039', '720107', 'Bulu', NULL, NULL),
('7201072041', '720107', 'Tombang', NULL, NULL),
('7201072043', '720107', 'Ampera', NULL, NULL),
('7201072044', '720107', 'Dongkalan', NULL, NULL),
('7201082001', '720108', 'Bualemo A', NULL, NULL),
('7201082002', '720108', 'Tikupan', NULL, NULL),
('7201082003', '720108', 'Trans Mayayap', NULL, NULL),
('7201082004', '720108', 'Toiba', NULL, NULL),
('7201082005', '720108', 'Longkoga Barat', NULL, NULL),
('7201082006', '720108', 'Longkoga Timur', NULL, NULL),
('7201082007', '720108', 'Bualemo B', NULL, NULL),
('7201082008', '720108', 'Taima', NULL, NULL),
('7201082009', '720108', 'Sampaka', NULL, NULL),
('7201082010', '720108', 'Malik', NULL, NULL),
('7201082011', '720108', 'Binsil', NULL, NULL),
('7201082012', '720108', 'Binsil Padang', NULL, NULL),
('7201082013', '720108', 'Lembah Tompotika', NULL, NULL),
('7201082014', '720108', 'Mayayap', NULL, NULL),
('7201082015', '720108', 'Bima Karya', NULL, NULL),
('7201082016', '720108', 'Salipi', NULL, NULL),
('7201082017', '720108', 'Nipa Kalemoan', NULL, NULL),
('7201082018', '720108', 'Malik Makmur', NULL, NULL),
('7201082019', '720108', 'Lembah Makmur', NULL, NULL),
('7201082020', '720108', 'Dwi Karya', NULL, NULL),
('7201091054', '720109', 'Cendana', NULL, NULL),
('7201092001', '720109', 'Cendana Pura', NULL, NULL),
('7201092011', '720109', 'Sentral Sari', NULL, NULL),
('7201092012', '720109', 'Tohiti Sari', NULL, NULL),
('7201092013', '720109', 'Tirta Kencana', NULL, NULL),
('7201092014', '720109', 'Singkoyo', NULL, NULL),
('7201092015', '720109', 'Tolisu', NULL, NULL),
('7201092016', '720109', 'Piondo', NULL, NULL),
('7201092017', '720109', 'Tirta Sari', NULL, NULL),
('7201092026', '720109', 'Rusa Kencana', NULL, NULL),
('7201092027', '720109', 'Bukit Jaya', NULL, NULL),
('7201092036', '720109', 'Samalore', NULL, NULL),
('7201092037', '720109', 'Ue Mea', NULL, NULL),
('7201092038', '720109', 'Benteng', NULL, NULL),
('7201092039', '720109', 'Mansahang', NULL, NULL),
('7201092041', '720109', 'Sindang Baru', NULL, NULL),
('7201092045', '720109', 'Tanah Abang', NULL, NULL),
('7201092047', '720109', 'Jaya Kencana', NULL, NULL),
('7201092048', '720109', 'Mekar Kencana', NULL, NULL),
('7201092049', '720109', 'Marga Kencana', NULL, NULL),
('7201092050', '720109', 'Sari Buana', NULL, NULL),
('7201092051', '720109', 'Sentral Timur', NULL, NULL),
('7201092055', '720109', 'Mulya Sari', NULL, NULL),
('7201092056', '720109', 'Tirta Jaya', NULL, NULL),
('7201092057', '720109', 'Sidomukti', NULL, NULL),
('7201102001', '720110', 'Tangeban', NULL, NULL),
('7201102002', '720110', 'Taugi', NULL, NULL),
('7201102003', '720110', 'Eteng', NULL, NULL),
('7201102004', '720110', 'Minang Andala', NULL, NULL),
('7201102005', '720110', 'Kospa Duatakarya', NULL, NULL),
('7201102006', '720110', 'Purwo Agung', NULL, NULL),
('7201102007', '720110', 'Kembang Merta', NULL, NULL),
('7201102008', '720110', 'Simpangan', NULL, NULL),
('7201102009', '720110', 'Tompotika Makmur', NULL, NULL),
('7201102010', '720110', 'Duata Karya', NULL, NULL),
('7201102011', '720110', 'Serese', NULL, NULL),
('7201102012', '720110', 'Cemerlang', NULL, NULL),
('7201102013', '720110', 'Padangon', NULL, NULL),
('7201102014', '720110', 'Rangga-Rangga', NULL, NULL),
('7201112001', '720111', 'Kayutanyo', NULL, NULL),
('7201112002', '720111', 'Pohi', NULL, NULL),
('7201112003', '720111', 'Hunduhon', NULL, NULL),
('7201112004', '720111', 'Baya', NULL, NULL),
('7201112005', '720111', 'Uwedikan', NULL, NULL),
('7201112006', '720111', 'Bantayan', NULL, NULL),
('7201112007', '720111', 'Lauwon', NULL, NULL),
('7201112008', '720111', 'Boitan', NULL, NULL),
('7201112009', '720111', 'Molino', NULL, NULL),
('7201112010', '720111', 'Louk', NULL, NULL),
('7201112011', '720111', 'Lontos', NULL, NULL),
('7201112012', '720111', 'Indang Sari', NULL, NULL),
('7201112013', '720111', 'Bukit Mulya', NULL, NULL),
('7201122001', '720112', 'Dongin', NULL, NULL),
('7201122002', '720112', 'Pandan Wangi', NULL, NULL),
('7201122003', '720112', 'Kami Wangi', NULL, NULL),
('7201122004', '720112', 'Sindang Sari', NULL, NULL),
('7201122005', '720112', 'Makapa', NULL, NULL),
('7201122006', '720112', 'Karya Makmur', NULL, NULL),
('7201122007', '720112', 'Mantawa', NULL, NULL),
('7201122008', '720112', 'Pasir Lamba', NULL, NULL),
('7201122009', '720112', 'Mantawa Bonebae', NULL, NULL),
('7201122010', '720112', 'Gunung Kramat', NULL, NULL),
('7201122011', '720112', 'Lembah Kramat', NULL, NULL),
('7201122012', '720112', 'Rata', NULL, NULL),
('7201122013', '720112', 'Bukit Makarti', NULL, NULL),
('7201122014', '720112', 'Uwe Lolu', NULL, NULL),
('7201122015', '720112', 'Bumi Harapan', NULL, NULL),
('7201122016', '720112', 'Mekar Sari', NULL, NULL),
('7201122017', '720112', 'Mekar Jaya', NULL, NULL),
('7201132001', '720113', 'Bangketa', NULL, NULL),
('7201132002', '720113', 'Tobelombang', NULL, NULL),
('7201132003', '720113', 'Balaan', NULL, NULL),
('7201132004', '720113', 'Mantan B', NULL, NULL),
('7201132005', '720113', 'Tomeang', NULL, NULL),
('7201132006', '720113', 'Pakowa Bunta', NULL, NULL),
('7201132007', '720113', 'Pibombo', NULL, NULL),
('7201132008', '720113', 'Bolobungkang', NULL, NULL),
('7201132009', '720113', 'Petak', NULL, NULL),
('7201132010', '720113', 'Bella', NULL, NULL),
('7201132011', '720113', 'Binohu', NULL, NULL),
('7201132012', '720113', 'Damai Makmur', NULL, NULL),
('7201132013', '720113', 'Jaya Makmur', NULL, NULL),
('7201132014', '720113', 'Saiti', NULL, NULL),
('7201132015', '720113', 'Sumber Agung', NULL, NULL),
('7201132016', '720113', 'Batu Hitam', NULL, NULL),
('7201132017', '720113', 'Kabua Bua', NULL, NULL),
('7201132018', '720113', 'Pulo Dalagan', NULL, NULL),
('7201132019', '720113', 'Obo Balingara', NULL, NULL),
('7201132020', '720113', 'Tetesulu', NULL, NULL),
('7201142001', '720114', 'Saluan', NULL, NULL),
('7201142002', '720114', 'Toili', NULL, NULL),
('7201142003', '720114', 'Selamet Raharjo', NULL, NULL),
('7201142004', '720114', 'Mulyoharjo', NULL, NULL),
('7201142005', '720114', 'Sidoharjo', NULL, NULL),
('7201142006', '720114', 'Bumi Harjo', NULL, NULL),
('7201142007', '720114', 'Minakarya', NULL, NULL),
('7201142008', '720114', 'Minahaki', NULL, NULL),
('7201142009', '720114', 'Arga Kencana', NULL, NULL),
('7201142010', '720114', 'Moilong', NULL, NULL),
('7201142011', '720114', 'Karang Anyar', NULL, NULL),
('7201142012', '720114', 'Sumber Harjo', NULL, NULL),
('7201142013', '720114', 'Karya Jaya', NULL, NULL),
('7201142014', '720114', 'Tou', NULL, NULL),
('7201142015', '720114', 'Argo Mulyo', NULL, NULL),
('7201142016', '720114', 'Sido Makmur', NULL, NULL),
('7201152001', '720115', 'Maasing', NULL, NULL),
('7201152002', '720115', 'Gori-Gori', NULL, NULL),
('7201152003', '720115', 'Sinorang', NULL, NULL),
('7201152004', '720115', 'Sukamaju', NULL, NULL),
('7201152005', '720115', 'Sukamaju Satu', NULL, NULL),
('7201152006', '720115', 'Paisu Buloli', NULL, NULL),
('7201152007', '720115', 'Ombolu', NULL, NULL),
('7201152008', '720115', 'Bonebalantak', NULL, NULL),
('7201152009', '720115', 'Masungkang', NULL, NULL),
('7201152010', '720115', 'Maleo Jaya', NULL, NULL),
('7201162001', '720116', 'Lobu', NULL, NULL),
('7201162002', '720116', 'Bolobungkang', NULL, NULL),
('7201162003', '720116', 'Niubulan', NULL, NULL),
('7201162004', '720116', 'Kadodi', NULL, NULL),
('7201162005', '720116', 'Uha Uhangon', NULL, NULL),
('7201162006', '720116', 'Bahingin', NULL, NULL),
('7201162007', '720116', 'Uwe Daka-Daka', NULL, NULL),
('7201162008', '720116', 'Balean', NULL, NULL),
('7201162009', '720116', 'Dolom', NULL, NULL),
('7201162010', '720116', 'Lambuli', NULL, NULL),
('7201172001', '720117', 'Beringin Jaya', NULL, NULL),
('7201172002', '720117', 'Rantau Jaya', NULL, NULL),
('7201172003', '720117', 'Koninis', NULL, NULL),
('7201172004', '720117', 'Gonohop', NULL, NULL),
('7201172005', '720117', 'Sumber Mulia', NULL, NULL),
('7201172006', '720117', 'Doda Bunta', NULL, NULL),
('7201172007', '720117', 'Simpang Satu', NULL, NULL),
('7201172008', '720117', 'Simpang Dua', NULL, NULL),
('7201172009', '720117', 'Dowiwi', NULL, NULL),
('7201172010', '720117', 'Mantan A', NULL, NULL),
('7201172011', '720117', 'Dwipa Karya', NULL, NULL),
('7201172012', '720117', 'Lokait', NULL, NULL),
('7201182001', '720118', 'Tombos', NULL, NULL),
('7201182002', '720118', 'Dondo', NULL, NULL),
('7201182003', '720118', 'Sepe', NULL, NULL),
('7201182004', '720118', 'Booy', NULL, NULL),
('7201182005', '720118', 'Tintingon', NULL, NULL),
('7201182006', '720118', 'Resarna', NULL, NULL),
('7201182007', '720118', 'Giwang', NULL, NULL),
('7201182008', '720118', 'Tongke', NULL, NULL),
('7201182009', '720118', 'Gorontalo', NULL, NULL),
('7201182010', '720118', 'Poyang', NULL, NULL),
('7201182011', '720118', 'Tanggawas', NULL, NULL),
('7201192001', '720119', 'Kampangar', NULL, NULL),
('7201192002', '720119', 'Kuntang', NULL, NULL),
('7201192003', '720119', 'Pulau Dua', NULL, NULL),
('7201192004', '720119', 'Teku', NULL, NULL),
('7201192005', '720119', 'Ondoliang', NULL, NULL),
('7201192006', '720119', 'Batu Simpang', NULL, NULL),
('7201192007', '720119', 'Batu Mandi', NULL, NULL),
('7201192008', '720119', 'Pangkalaseang', NULL, NULL),
('7201192009', '720119', 'Pangkalaseang Baru', NULL, NULL),
('7201192010', '720119', 'Toweer', NULL, NULL),
('7201201002', '720120', 'Simpong', NULL, NULL),
('7201201003', '720120', 'Hanga Hanga', NULL, NULL),
('7201201004', '720120', 'Jole', NULL, NULL),
('7201201005', '720120', 'Hanga-Hanga Permai', NULL, NULL),
('7201201006', '720120', 'Kompo', NULL, NULL),
('7201201007', '720120', 'Bukit Mambual', NULL, NULL),
('7201201008', '720120', 'Tombang Permai', NULL, NULL),
('7201201009', '720120', 'Maahas', NULL, NULL),
('7201201010', '720120', 'Tanjung Tuwis', NULL, NULL),
('7201202001', '720120', 'Bubung', NULL, NULL),
('7201211010', '720121', 'Kilongan', NULL, NULL),
('7201211011', '720121', 'Kilongan Permai', NULL, NULL),
('7201212001', '720121', 'Biak', NULL, NULL),
('7201212002', '720121', 'Bunga', NULL, NULL),
('7201212003', '720121', 'Kamumu', NULL, NULL),
('7201212004', '720121', 'Salodik', NULL, NULL),
('7201212005', '720121', 'Lenyek', NULL, NULL),
('7201212006', '720121', 'Buon Mandiri', NULL, NULL),
('7201212007', '720121', 'Boyou', NULL, NULL),
('7201212008', '720121', 'Awu', NULL, NULL),
('7201212009', '720121', 'Bumi Beringin', NULL, NULL),
('7201222001', '720122', 'Pondan', NULL, NULL),
('7201222002', '720122', 'Sobol', NULL, NULL),
('7201222003', '720122', 'Sobol Baru', NULL, NULL),
('7201222004', '720122', 'Binotik', NULL, NULL),
('7201222005', '720122', 'Garuga', NULL, NULL),
('7201222006', '720122', 'Bollo', NULL, NULL),
('7201222007', '720122', 'Sulubombong', NULL, NULL),
('7201222008', '720122', 'Boras', NULL, NULL),
('7201222009', '720122', 'Lonas', NULL, NULL),
('7201222010', '720122', 'Bombongan', NULL, NULL),
('7201231003', '720123', 'Nambo Padang', NULL, NULL),
('7201231004', '720123', 'Nambo Bosaa', NULL, NULL),
('7201231005', '720123', 'Nambo Lempek', NULL, NULL),
('7201231006', '720123', 'Nambo Lempek Baru', NULL, NULL),
('7201231007', '720123', 'Lontio', NULL, NULL),
('7201231008', '720123', 'Lontio Baru', NULL, NULL),
('7201232001', '720123', 'Koyoan', NULL, NULL),
('7201232002', '720123', 'Koyoan Permai', NULL, NULL),
('7201232009', '720123', 'Padungnyo', NULL, NULL),
('7201232010', '720123', 'Sayambongin', NULL, NULL),
('7201232011', '720123', 'Lumbe', NULL, NULL),
('7202011001', '720201', 'Moengko Lama', NULL, NULL),
('7202011002', '720201', 'Moengko Baru', NULL, NULL),
('7202011003', '720201', 'Kayamanya', NULL, NULL),
('7202011007', '720201', 'Gebangrejo', NULL, NULL),
('7202011016', '720201', 'Gebangrejo Timur', NULL, NULL),
('7202011017', '720201', 'Gebangrejo Barat', NULL, NULL),
('7202011018', '720201', 'Kayamanya Sentral', NULL, NULL),
('7202021008', '720202', 'Kasinguncu', NULL, NULL),
('7202021009', '720202', 'Mapane', NULL, NULL),
('7202021031', '720202', 'Tabalu', NULL, NULL),
('7202022007', '720202', 'Betania', NULL, NULL),
('7202022010', '720202', 'Toini', NULL, NULL),
('7202022012', '720202', 'Bega', NULL, NULL),
('7202022013', '720202', 'Masamba', NULL, NULL),
('7202022014', '720202', 'Saatu', NULL, NULL),
('7202022015', '720202', 'Pinedapa', NULL, NULL),
('7202022016', '720202', 'Masani', NULL, NULL),
('7202022017', '720202', 'Tokorondo', NULL, NULL),
('7202022018', '720202', 'Tiwaa', NULL, NULL),
('7202022027', '720202', 'Lanto Jaya', NULL, NULL),
('7202022028', '720202', 'Lape', NULL, NULL),
('7202022029', '720202', 'Towu', NULL, NULL),
('7202022030', '720202', 'Ueralulu', NULL, NULL),
('7202032001', '720203', 'Tampemadoro', NULL, NULL),
('7202032002', '720203', 'Pandiri', NULL, NULL),
('7202032003', '720203', 'Watuawu', NULL, NULL),
('7202032004', '720203', 'Tambaro', NULL, NULL),
('7202032005', '720203', 'Tagolu', NULL, NULL),
('7202032006', '720203', 'Maliwuko', NULL, NULL),
('7202032007', '720203', 'Silanca', NULL, NULL),
('7202032008', '720203', 'Sepe', NULL, NULL),
('7202032009', '720203', 'Bategencu', NULL, NULL),
('7202032010', '720203', 'Toyado', NULL, NULL),
('7202032011', '720203', 'Tongko', NULL, NULL),
('7202032012', '720203', 'Malei', NULL, NULL),
('7202032013', '720203', 'Sintuwulemba', NULL, NULL),
('7202032014', '720203', 'Labuan', NULL, NULL),
('7202032015', '720203', 'Labuadago', NULL, NULL),
('7202032017', '720203', 'Ratoombu', NULL, NULL),
('7202041001', '720204', 'Tentena', NULL, NULL),
('7202041006', '720204', 'Pamona', NULL, NULL),
('7202041008', '720204', 'Sangele', NULL, NULL),
('7202042003', '720204', 'Tonusu', NULL, NULL),
('7202042004', '720204', 'Mayakeli', NULL, NULL),
('7202042005', '720204', 'Buyumpondoli', NULL, NULL),
('7202042009', '720204', 'Peura', NULL, NULL),
('7202042010', '720204', 'Dulumai', NULL, NULL),
('7202042019', '720204', 'Soe', NULL, NULL),
('7202042021', '720204', 'Leboni', NULL, NULL),
('7202042022', '720204', 'Wera', NULL, NULL),
('7202052001', '720205', 'Taripa', NULL, NULL),
('7202052002', '720205', 'Tiu', NULL, NULL),
('7202052003', '720205', 'Petiro', NULL, NULL),
('7202052004', '720205', 'Pancasila', NULL, NULL),
('7202052005', '720205', 'Olumokunde', NULL, NULL),
('7202052006', '720205', 'Kamba', NULL, NULL),
('7202052007', '720205', 'Didiri', NULL, NULL),
('7202052008', '720205', 'Kelei', NULL, NULL),
('7202052009', '720205', 'Poleganyara', NULL, NULL),
('7202052010', '720205', 'Masewe', NULL, NULL),
('7202052011', '720205', 'Matialemba', NULL, NULL),
('7202052012', '720205', 'Kancuu', NULL, NULL),
('7202052013', '720205', 'Magapu', NULL, NULL),
('7202062003', '720206', 'Bancea', NULL, NULL),
('7202062004', '720206', 'Boe', NULL, NULL),
('7202062005', '720206', 'Pendolo', NULL, NULL),
('7202062006', '720206', 'Pandayora', NULL, NULL),
('7202062007', '720206', 'Mayoa', NULL, NULL),
('7202062008', '720206', 'Uelene', NULL, NULL),
('7202062018', '720206', 'Mayasari', NULL, NULL),
('7202062019', '720206', 'Pandajaya', NULL, NULL),
('7202062020', '720206', 'Mayajaya', NULL, NULL),
('7202062021', '720206', 'Bangunjaya', NULL, NULL),
('7202062022', '720206', 'Panjo', NULL, NULL),
('7202062023', '720206', 'Pasir Putih', NULL, NULL),
('7202072001', '720207', 'Dodolo', NULL, NULL),
('7202072006', '720207', 'Kaduwaa', NULL, NULL),
('7202072007', '720207', 'Watumaeta', NULL, NULL),
('7202072008', '720207', 'Sedoa', NULL, NULL),
('7202072009', '720207', 'Alitupu', NULL, NULL),
('7202072014', '720207', 'Wuasa', NULL, NULL),
('7202072016', '720207', 'Bumi Banyusari', NULL, NULL),
('7202082001', '720208', 'Hangira', NULL, NULL),
('7202082002', '720208', 'Lempe', NULL, NULL),
('7202082003', '720208', 'Doda', NULL, NULL),
('7202082004', '720208', 'Bariri', NULL, NULL),
('7202082005', '720208', 'Torire', NULL, NULL),
('7202082006', '720208', 'Katu', NULL, NULL),
('7202082007', '720208', 'Rompo', NULL, NULL),
('7202082008', '720208', 'Baleura', NULL, NULL),
('7202092005', '720209', 'Gintu', NULL, NULL),
('7202092006', '720209', 'Runde', NULL, NULL),
('7202092007', '720209', 'Badangkaia', NULL, NULL),
('7202092008', '720209', 'Bakekau', NULL, NULL),
('7202092009', '720209', 'Bulili', NULL, NULL),
('7202092010', '720209', 'Bewa', NULL, NULL),
('7202092011', '720209', 'Pada', NULL, NULL),
('7202092012', '720209', 'Bomba', NULL, NULL),
('7202182001', '720218', 'Kilo', NULL, NULL),
('7202182002', '720218', 'Kawende', NULL, NULL),
('7202182003', '720218', 'Kalora', NULL, NULL),
('7202182004', '720218', 'Tambarana', NULL, NULL),
('7202182005', '720218', 'Tumora', NULL, NULL),
('7202182006', '720218', 'Tri Mulya', NULL, NULL),
('7202182007', '720218', 'Bakti Agung', NULL, NULL),
('7202182009', '720218', 'Tobe', NULL, NULL),
('7202182010', '720218', 'Membuke', NULL, NULL),
('7202182011', '720218', 'Maranda', NULL, NULL),
('7202192001', '720219', 'Dewua', NULL, NULL),
('7202192002', '720219', 'Sangginora', NULL, NULL),
('7202192003', '720219', 'Tangkura', NULL, NULL),
('7202192004', '720219', 'Malitu', NULL, NULL),
('7202192005', '720219', 'Patiwunga', NULL, NULL),
('7202192006', '720219', 'Betalemba', NULL, NULL),
('7202192007', '720219', 'Pantangolemba', NULL, NULL),
('7202192008', '720219', 'Padalembara', NULL, NULL),
('7202192009', '720219', 'Taunca', NULL, NULL),
('7202202001', '720220', 'Taipa', NULL, NULL),
('7202202002', '720220', 'Meko', NULL, NULL),
('7202202003', '720220', 'Toinasa', NULL, NULL),
('7202202004', '720220', 'Salukaia', NULL, NULL),
('7202202005', '720220', 'Uranosari', NULL, NULL),
('7202202006', '720220', 'Owini', NULL, NULL),
('7202211001', '720221', 'Sayo', NULL, NULL),
('7202211002', '720221', 'Bukit Bambu', NULL, NULL),
('7202211003', '720221', 'Kawua', NULL, NULL),
('7202211004', '720221', 'Ronononcu', NULL, NULL),
('7202211005', '720221', 'Lembomawo', NULL, NULL),
('7202221001', '720222', 'Bonesompe', NULL, NULL),
('7202221002', '720222', 'Kasintuwu', NULL, NULL),
('7202221003', '720222', 'Lombogia', NULL, NULL),
('7202221004', '720222', 'Lawanga', NULL, NULL),
('7202221005', '720222', 'Tegalrejo', NULL, NULL),
('7202221006', '720222', 'Madale', NULL, NULL),
('7202221007', '720222', 'Lawanga Tawongan', NULL, NULL),
('7202232001', '720223', 'Tuare', NULL, NULL),
('7202232002', '720223', 'Kageroa', NULL, NULL),
('7202232003', '720223', 'Tomehipi', NULL, NULL),
('7202232004', '720223', 'Lengkeka', NULL, NULL),
('7202232005', '720223', 'Kolori', NULL, NULL),
('7202232006', '720223', 'Lelio', NULL, NULL),
('7202242001', '720224', 'Winowanga', NULL, NULL),
('7202242002', '720224', 'Maholo', NULL, NULL),
('7202242003', '720224', 'Tamadue', NULL, NULL),
('7202242004', '720224', 'Mekarsari', NULL, NULL),
('7202242005', '720224', 'Kalemago', NULL, NULL),
('7202252001', '720225', 'Watutau', NULL, NULL),
('7202252002', '720225', 'Betue', NULL, NULL),
('7202252003', '720225', 'Talabosa', NULL, NULL),
('7202252004', '720225', 'Wanga', NULL, NULL),
('7202252005', '720225', 'Siliwanga', NULL, NULL),
('7202262001', '720226', 'Korobono', NULL, NULL),
('7202262002', '720226', 'Omporiwo', NULL, NULL),
('7202262003', '720226', 'Wayura', NULL, NULL),
('7202262004', '720226', 'Tokilo', NULL, NULL),
('7202262005', '720226', 'Tindoli', NULL, NULL),
('7202262006', '720226', 'Tolambo', NULL, NULL),
('7202262007', '720226', 'Singkona', NULL, NULL),
('7202262008', '720226', 'Salindu', NULL, NULL),
('7202262009', '720226', 'Barati', NULL, NULL),
('7202271008', '720227', 'Sawidago', NULL, NULL),
('7202271009', '720227', 'Petirodongi', NULL, NULL),
('7202271010', '720227', 'Tendeadongi', NULL, NULL),
('7202272001', '720227', 'Saojo', NULL, NULL),
('7202272002', '720227', 'Sulewana', NULL, NULL),
('7202272003', '720227', 'Sangira', NULL, NULL),
('7202272004', '720227', 'Kuku', NULL, NULL),
('7202272005', '720227', 'Panjoka', NULL, NULL),
('7202272006', '720227', 'Uelincu', NULL, NULL),
('7202272007', '720227', 'Lena', NULL, NULL),
('7203042001', '720304', 'Pantolobete', NULL, NULL),
('7203042002', '720304', 'Bonemarawa', NULL, NULL),
('7203042003', '720304', 'Tinauka', NULL, NULL),
('7203042004', '720304', 'Lalundu', NULL, NULL),
('7203042005', '720304', 'Towiora', NULL, NULL),
('7203042006', '720304', 'Minti Makmur', NULL, NULL),
('7203042007', '720304', 'Polanto Jaya', NULL, NULL),
('7203042008', '720304', 'Polando Jaya', NULL, NULL),
('7203042009', '720304', 'Rio Mukti', NULL, NULL),
('7203042010', '720304', 'Panca Mukti', NULL, NULL),
('7203042012', '720304', 'Ngovi', NULL, NULL),
('7203042013', '720304', 'Bukit Indah', NULL, NULL),
('7203042014', '720304', 'Mbulawa', NULL, NULL),
('7203042015', '720304', 'Pakava', NULL, NULL),
('7203062001', '720306', 'Kambayang', NULL, NULL),
('7203062002', '720306', 'Talaga', NULL, NULL),
('7203062003', '720306', 'Sabang', NULL, NULL),
('7203062004', '720306', 'Sioyong', NULL, NULL),
('7203062005', '720306', 'Panii', NULL, NULL),
('7203062006', '720306', 'Ponggerang', NULL, NULL),
('7203062007', '720306', 'Rerang', NULL, NULL),
('7203062009', '720306', 'Budi Mukti', NULL, NULL),
('7203062010', '720306', 'Lembah Mukti', NULL, NULL),
('7203062011', '720306', 'Malonas', NULL, NULL),
('7203062013', '720306', 'Parisan Agung', NULL, NULL),
('7203062014', '720306', 'Karya Mukti', NULL, NULL),
('7203062015', '720306', 'Long', NULL, NULL),
('7203081020', '720308', 'Ganti', NULL, NULL),
('7203081021', '720308', 'Kabonga Besar', NULL, NULL),
('7203081022', '720308', 'Kabonga Kecil', NULL, NULL),
('7203081023', '720308', 'Gunung Bale', NULL, NULL),
('7203081024', '720308', 'Maleni', NULL, NULL),
('7203081025', '720308', 'Tanjung Batu', NULL, NULL),
('7203081026', '720308', 'Boya', NULL, NULL),
('7203081027', '720308', 'Labuan Bajo', NULL, NULL),
('7203081028', '720308', 'Boneoge', NULL, NULL),
('7203082012', '720308', 'Loli Oge', NULL, NULL),
('7203082013', '720308', 'Loli Tasiburi', NULL, NULL),
('7203082029', '720308', 'Loli Pesua', NULL, NULL),
('7203082030', '720308', 'Loli Dondo', NULL, NULL),
('7203082031', '720308', 'Loli Saluran', NULL, NULL),
('7203092001', '720309', 'Labuan', NULL, NULL),
('7203092008', '720309', 'Labuan Salumbone', NULL, NULL),
('7203092009', '720309', 'Labuan Panimba', NULL, NULL),
('7203092010', '720309', 'Labuan Lelea', NULL, NULL),
('7203092011', '720309', 'Labuan Kungguma', NULL, NULL),
('7203092012', '720309', 'Labuan Toposo', NULL, NULL),
('7203092013', '720309', 'Labuan Lumbubaka', NULL, NULL),
('7203102001', '720310', 'Dalaka', NULL, NULL),
('7203102002', '720310', 'Lero', NULL, NULL),
('7203102003', '720310', 'Taripa', NULL, NULL),
('7203102004', '720310', 'Sumari', NULL, NULL),
('7203102005', '720310', 'Toaya', NULL, NULL),
('7203102006', '720310', 'Masaingi', NULL, NULL),
('7203102007', '720310', 'Marana', NULL, NULL),
('7203102008', '720310', 'Enu', NULL, NULL),
('7203102016', '720310', 'Lero Tatari', NULL, NULL),
('7203102017', '720310', 'Toaya Vunta', NULL, NULL),
('7203102018', '720310', 'Gumbasa', NULL, NULL),
('7203102019', '720310', 'Ape Maliko', NULL, NULL),
('7203102020', '720310', 'Kavaya', NULL, NULL),
('7203112001', '720311', 'Ombo', NULL, NULL),
('7203112002', '720311', 'Tondo', NULL, NULL),
('7203112003', '720311', 'Jonooge', NULL, NULL),
('7203112004', '720311', 'Dampal', NULL, NULL),
('7203112005', '720311', 'Sipi', NULL, NULL),
('7203112006', '720311', 'Tanjung Padang', NULL, NULL),
('7203112007', '720311', 'Balintuma', NULL, NULL),
('7203112008', '720311', 'Sibado', NULL, NULL),
('7203112009', '720311', 'Tompe', NULL, NULL),
('7203112010', '720311', 'Lompio', NULL, NULL),
('7203112011', '720311', 'Lende', NULL, NULL),
('7203112012', '720311', 'Lende Tovea', NULL, NULL),
('7203112013', '720311', 'Ujumbou.', NULL, NULL),
('7203122006', '720312', 'Labean', NULL, NULL),
('7203122007', '720312', 'Lombonga', NULL, NULL),
('7203122008', '720312', 'Meli', NULL, NULL),
('7203122009', '720312', 'Tambu', NULL, NULL),
('7203122010', '720312', 'Siweli', NULL, NULL),
('7203122011', '720312', 'Sibualong', NULL, NULL),
('7203122012', '720312', 'Sibayu', NULL, NULL),
('7203122015', '720312', 'Malino', NULL, NULL),
('7203122016', '720312', 'Mapane Tambu', NULL, NULL),
('7203122017', '720312', 'Tovia Tambu', NULL, NULL),
('7203122019', '720312', 'Sipure', NULL, NULL),
('7203122020', '720312', 'Kampung Baru Sibayu', NULL, NULL),
('7203122021', '720312', 'Simagaya', NULL, NULL),
('7203142001', '720314', 'Balukang', NULL, NULL),
('7203142002', '720314', 'Siwalempu', NULL, NULL),
('7203142003', '720314', 'Siboang', NULL, NULL),
('7203142004', '720314', 'Tonggolobibi', NULL, NULL),
('7203142005', '720314', 'Bou', NULL, NULL),
('7203142011', '720314', 'Samalili', NULL, NULL),
('7203142012', '720314', 'Bukit Harapan', NULL, NULL),
('7203142013', '720314', 'Pangalasiang', NULL, NULL),
('7203142014', '720314', 'Balukang II', NULL, NULL),
('7203182001', '720318', 'Mbuwu', NULL, NULL),
('7203182002', '720318', 'Salumpaku', NULL, NULL),
('7203182003', '720318', 'Watatu', NULL, NULL),
('7203182004', '720318', 'Surumana', NULL, NULL),
('7203182005', '720318', 'Lalombi', NULL, NULL),
('7203182006', '720318', 'Tanamea', NULL, NULL),
('7203182007', '720318', 'Bambarimi', NULL, NULL),
('7203182008', '720318', 'Salungkaenu', NULL, NULL),
('7203182009', '720318', 'Lumbumamara', NULL, NULL),
('7203182010', '720318', 'Tolongano', NULL, NULL),
('7203182011', '720318', 'Tosale', NULL, NULL),
('7203182012', '720318', 'Lumbu Tarombo', NULL, NULL),
('7203182013', '720318', 'Lumbulama', NULL, NULL),
('7203182014', '720318', 'Ongulara', NULL, NULL),
('7203182015', '720318', 'Malino', NULL, NULL),
('7203182016', '720318', 'Lembasada', NULL, NULL),
('7203182017', '720318', 'Sarombaya', NULL, NULL),
('7203182018', '720318', 'Salusumpu', NULL, NULL),
('7203182019', '720318', 'Tanampulu', NULL, NULL),
('7203192001', '720319', 'Wani Satu', NULL, NULL),
('7203192002', '720319', 'Wani Dua', NULL, NULL),
('7203192003', '720319', 'Nupa Bomba', NULL, NULL),
('7203192004', '720319', 'Wombo', NULL, NULL),
('7203192005', '720319', 'Guntarano', NULL, NULL),
('7203192006', '720319', 'Bale', NULL, NULL),
('7203192007', '720319', 'Wombo Mpanau', NULL, NULL),
('7203192008', '720319', 'Wombo Kalonggo', NULL, NULL),
('7203192009', '720319', 'Wani Tiga', NULL, NULL),
('7203192010', '720319', 'Wani Lumbumpetigo', NULL, NULL),
('7203212001', '720321', 'Palintuma', NULL, NULL),
('7203212002', '720321', 'Gimpubia', NULL, NULL),
('7203212003', '720321', 'Dangaraa', NULL, NULL),
('7203212004', '720321', 'Bambakanini', NULL, NULL),
('7203212005', '720321', 'Bambakaenu', NULL, NULL),
('7203212006', '720321', 'Tomodo', NULL, NULL),
('7203212007', '720321', 'Kanagalongga', NULL, NULL),
('7203212008', '720321', 'Karavia', NULL, NULL),
('7203212009', '720321', 'Tavanggeli', NULL, NULL),
('7203242001', '720324', 'Tibo', NULL, NULL),
('7203242002', '720324', 'Kaliburu', NULL, NULL),
('7203242003', '720324', 'Batusuya', NULL, NULL),
('7203242004', '720324', 'Saloya', NULL, NULL),
('7203242005', '720324', 'Batusuya Goo', NULL, NULL),
('7203242006', '720324', 'Kaliburu Kata', NULL, NULL),
('7203252001', '720325', 'Sikara Tobata', NULL, NULL),
('7203252002', '720325', 'Alindau', NULL, NULL),
('7203252003', '720325', 'Oti', NULL, NULL),
('7203252004', '720325', 'Tamarenja', NULL, NULL),
('7203252005', '720325', 'Sipeso', NULL, NULL),
('7203252006', '720325', 'Sindosa', NULL, NULL),
('7203272001', '720327', 'Powelua', NULL, NULL),
('7203272002', '720327', 'Lumbudolo', NULL, NULL),
('7203272003', '720327', 'Kola-Kola', NULL, NULL),
('7203272004', '720327', 'Limboro', NULL, NULL),
('7203272005', '720327', 'Towale', NULL, NULL),
('7203272006', '720327', 'Salubomba', NULL, NULL),
('7203272007', '720327', 'Mekar Baru', NULL, NULL),
('7203272008', '720327', 'Lampo', NULL, NULL),
('7203302001', '720330', 'Ogoamas I', NULL, NULL),
('7203302002', '720330', 'Ogoamas II', NULL, NULL),
('7203302003', '720330', 'Lenju', NULL, NULL),
('7203302004', '720330', 'Pesik', NULL, NULL),
('7203302005', '720330', 'Bengkoli', NULL, NULL),
('7203312001', '720331', 'Walandano', NULL, NULL),
('7203312002', '720331', 'Malei', NULL, NULL),
('7203312003', '720331', 'Kamonji', NULL, NULL),
('7203312004', '720331', 'Ketong', NULL, NULL),
('7203312005', '720331', 'Rano', NULL, NULL),
('7203312006', '720331', 'Pomolulu', NULL, NULL),
('7203312007', '720331', 'Palau', NULL, NULL),
('7203312008', '720331', 'Manimbaya', NULL, NULL),
('7204012001', '720401', 'Kombo', NULL, NULL),
('7204012002', '720401', 'Tampiala', NULL, NULL),
('7204012003', '720401', 'Soni', NULL, NULL),
('7204012004', '720401', 'Bangkir', NULL, NULL),
('7204012005', '720401', 'Dongko', NULL, NULL),
('7204012006', '720401', 'Mimbala', NULL, NULL),
('7204012007', '720401', 'Lempe', NULL, NULL),
('7204012008', '720401', 'Paddumpu', NULL, NULL),
('7204012009', '720401', 'Abbajareng', NULL, NULL),
('7204012010', '720401', 'Puse', NULL, NULL),
('7204012011', '720401', 'Pallakawe', NULL, NULL),
('7204012012', '720401', 'Simuntu', NULL, NULL),
('7204012013', '720401', 'Lemba Harapan', NULL, NULL),
('7204022001', '720402', 'Banagan', NULL, NULL),
('7204022002', '720402', 'Kabinuang', NULL, NULL),
('7204022003', '720402', 'Ogotua', NULL, NULL),
('7204022004', '720402', 'Tompoh', NULL, NULL),
('7204022005', '720402', 'Bambapula', NULL, NULL),
('7204022006', '720402', 'Malambigu', NULL, NULL),
('7204022007', '720402', 'Simatang Tanjung', NULL, NULL),
('7204022008', '720402', 'Simatang Utara', NULL, NULL),
('7204022009', '720402', 'Sese', NULL, NULL),
('7204022010', '720402', 'Ogolali', NULL, NULL),
('7204022011', '720402', 'Balaroa', NULL, NULL),
('7204022012', '720402', 'Stadong', NULL, NULL),
('7204032001', '720403', 'Luok Manipi', NULL, NULL),
('7204032002', '720403', 'Salumbia', NULL, NULL),
('7204032003', '720403', 'Bambapun', NULL, NULL),
('7204032004', '720403', 'Ogowele', NULL, NULL),
('7204032005', '720403', 'Lais', NULL, NULL),
('7204032006', '720403', 'Ogogasang', NULL, NULL),
('7204032007', '720403', 'Malomba', NULL, NULL),
('7204032008', '720403', 'Ogogili', NULL, NULL),
('7204032009', '720403', 'Tinabogan', NULL, NULL),
('7204032010', '720403', 'Malulu', NULL, NULL),
('7204032011', '720403', 'Malala', NULL, NULL),
('7204032012', '720403', 'Anggasan', NULL, NULL),
('7204032013', '720403', 'Betengon', NULL, NULL),
('7204032014', '720403', 'Pangkung', NULL, NULL),
('7204032015', '720403', 'Ogowele Buga', NULL, NULL),
('7204032016', '720403', 'Lobuo', NULL, NULL),
('7204042001', '720404', 'Sibaluton', NULL, NULL),
('7204042002', '720404', 'Kayu Lompa', NULL, NULL),
('7204042003', '720404', 'Labonu', NULL, NULL),
('7204042004', '720404', 'Silondou', NULL, NULL),
('7204042005', '720404', 'Kinapasan', NULL, NULL),
('7204042006', '720404', 'Kongkomos', NULL, NULL),
('7204042007', '720404', 'Ogosipat', NULL, NULL),
('7204042008', '720404', 'Galandau', NULL, NULL),
('7204042009', '720404', 'Marisa', NULL, NULL),
('7204042010', '720404', 'Basi', NULL, NULL),
('7204052001', '720405', 'Buga', NULL, NULL),
('7204052002', '720405', 'Batuilo', NULL, NULL),
('7204052003', '720405', 'Kamalu', NULL, NULL),
('7204052004', '720405', 'Muara Besar', NULL, NULL),
('7204052005', '720405', 'Bilo', NULL, NULL),
('7204052006', '720405', 'Labuan Lobo', NULL, NULL),
('7204052007', '720405', 'Sambujan', NULL, NULL),
('7204052008', '720405', 'Pulias', NULL, NULL),
('7204052009', '720405', 'Kabetan', NULL, NULL),
('7204052010', '720405', 'Pagaitan', NULL, NULL),
('7204052011', '720405', 'Bambalaga', NULL, NULL),
('7204062001', '720406', 'Janja', NULL, NULL),
('7204062002', '720406', 'Oyom', NULL, NULL),
('7204062003', '720406', 'Salugan', NULL, NULL),
('7204062004', '720406', 'Lampasio', NULL, NULL),
('7204062005', '720406', 'Tinading', NULL, NULL),
('7204062006', '720406', 'Sibea', NULL, NULL),
('7204062007', '720406', 'Maibua', NULL, NULL),
('7204062008', '720406', 'Mulya Sari', NULL, NULL),
('7204062009', '720406', 'Ogomatanang', NULL, NULL),
('7204071001', '720407', 'Tambun', NULL, NULL),
('7204071003', '720407', 'Tuweley', NULL, NULL),
('7204071004', '720407', 'Nalu', NULL, NULL),
('7204071005', '720407', 'Baru', NULL, NULL),
('7204071006', '720407', 'Panasakan', NULL, NULL),
('7204071007', '720407', 'Sidoarjo', NULL, NULL),
('7204072002', '720407', 'Dadakitan', NULL, NULL),
('7204072008', '720407', 'Buntuna', NULL, NULL),
('7204072009', '720407', 'Lelean Nono', NULL, NULL),
('7204072010', '720407', 'Pangi', NULL, NULL),
('7204082001', '720408', 'Ogomoli', NULL, NULL),
('7204082002', '720408', 'Sandana', NULL, NULL),
('7204082003', '720408', 'Kalangkangan', NULL, NULL),
('7204082004', '720408', 'Lantapan', NULL, NULL),
('7204082005', '720408', 'Lakatan', NULL, NULL),
('7204082006', '720408', 'Tinigi', NULL, NULL),
('7204082007', '720408', 'Ginunggung', NULL, NULL),
('7204082008', '720408', 'Lalos', NULL, NULL),
('7204082009', '720408', 'Tende', NULL, NULL),
('7204082010', '720408', 'Sabang', NULL, NULL),
('7204082011', '720408', 'Bajugan', NULL, NULL),
('7204082012', '720408', 'Aung', NULL, NULL),
('7204082013', '720408', 'Malangga', NULL, NULL),
('7204082014', '720408', 'Kinopasan', NULL, NULL),
('7204092005', '720409', 'Santigi', NULL, NULL),
('7204092006', '720409', 'Laulalang', NULL, NULL),
('7204092007', '720409', 'Salumpaga', NULL, NULL),
('7204092008', '720409', 'Diule', NULL, NULL),
('7204092009', '720409', 'Pinjan', NULL, NULL),
('7204092010', '720409', 'Binontoan', NULL, NULL),
('7204092011', '720409', 'Lakuan Tolitoli', NULL, NULL),
('7204092012', '720409', 'Timbolo', NULL, NULL),
('7204092013', '720409', 'Teluk Jaya', NULL, NULL),
('7204092014', '720409', 'Gio', NULL, NULL),
('7204102001', '720410', 'Galumpang', NULL, NULL),
('7204102002', '720410', 'Dungingis', NULL, NULL),
('7204102003', '720410', 'Kapas', NULL, NULL),
('7204102004', '720410', 'Lingadan', NULL, NULL),
('7205012001', '720501', 'Momunu', NULL, NULL),
('7205012002', '720501', 'Pinamula', NULL, NULL),
('7205012003', '720501', 'Pujimulyo', NULL, NULL),
('7205012004', '720501', 'Taluan', NULL, NULL),
('7205012005', '720501', 'Potugu', NULL, NULL),
('7205012006', '720501', 'Panimbul', NULL, NULL),
('7205012007', '720501', 'Tongon', NULL, NULL),
('7205012008', '720501', 'Lamadong II', NULL, NULL),
('7205012009', '720501', 'Pomayagon', NULL, NULL),
('7205012010', '720501', 'Guamonial', NULL, NULL),
('7205012011', '720501', 'Lamadong I', NULL, NULL),
('7205012012', '720501', 'Pajeko', NULL, NULL),
('7205012020', '720501', 'Wakat', NULL, NULL),
('7205012021', '720501', 'Soraya', NULL, NULL),
('7205012022', '720501', 'Pinamula Baru', NULL, NULL),
('7205012023', '720501', 'Mangubi', NULL, NULL),
('7205022009', '720502', 'Tuinan', NULL, NULL),
('7205022010', '720502', 'Lakea II', NULL, NULL),
('7205022011', '720502', 'Lakea I', NULL, NULL),
('7205022012', '720502', 'Lakuan Buol', NULL, NULL),
('7205022017', '720502', 'Bukaan', NULL, NULL),
('7205022018', '720502', 'Ngune', NULL, NULL),
('7205022019', '720502', 'Ilambe', NULL, NULL),
('7205032001', '720503', 'Tayadun', NULL, NULL),
('7205032002', '720503', 'Poongan', NULL, NULL),
('7205032003', '720503', 'Bongo', NULL, NULL),
('7205032004', '720503', 'Doulan', NULL, NULL),
('7205032010', '720503', 'Kantanan', NULL, NULL),
('7205032011', '720503', 'Kodolagon', NULL, NULL),
('7205032014', '720503', 'Negeri Lama', NULL, NULL),
('7205032015', '720503', 'Bokat IV', NULL, NULL),
('7205032018', '720503', 'Bokat', NULL, NULL),
('7205032019', '720503', 'Butukan', NULL, NULL),
('7205032020', '720503', 'Tikopo', NULL, NULL),
('7205032021', '720503', 'Bukamog', NULL, NULL),
('7205032022', '720503', 'Tang', NULL, NULL),
('7205032023', '720503', 'Duamayo', NULL, NULL),
('7205032024', '720503', 'Langudon', NULL, NULL),
('7205042001', '720504', 'Lonu', NULL, NULL),
('7205042002', '720504', 'Tamit', NULL, NULL),
('7205042003', '720504', 'Botugolu', NULL, NULL),
('7205042004', '720504', 'Bunobogu', NULL, NULL),
('7205042005', '720504', 'Konamukan', NULL, NULL),
('7205042006', '720504', 'Ponipingan', NULL, NULL),
('7205042007', '720504', 'Inalatan', NULL, NULL),
('7205042015', '720504', 'Domag Mekar', NULL, NULL),
('7205042016', '720504', 'Bunobogu Selatan', NULL, NULL),
('7205042017', '720504', 'Pokobo', NULL, NULL),
('7205052001', '720505', 'Umu', NULL, NULL),
('7205052002', '720505', 'Mulangato', NULL, NULL),
('7205052003', '720505', 'Lilito', NULL, NULL),
('7205052004', '720505', 'Talaki', NULL, NULL),
('7205052005', '720505', 'Baturata', NULL, NULL),
('7205052006', '720505', 'Kwalabesar', NULL, NULL),
('7205052007', '720505', 'Tolau', NULL, NULL),
('7205052008', '720505', 'Paleleh', NULL, NULL),
('7205052009', '720505', 'Lintidu', NULL, NULL),
('7205052014', '720505', 'Pionoto', NULL, NULL),
('7205052017', '720505', 'Dopalak', NULL, NULL),
('7205052018', '720505', 'Dotuno', NULL, NULL),
('7205061001', '720506', 'Buol', NULL, NULL),
('7205061002', '720506', 'Kali', NULL, NULL),
('7205061003', '720506', 'Leok II', NULL, NULL),
('7205061004', '720506', 'Leok I', NULL, NULL),
('7205061005', '720506', 'Kumaligon', NULL, NULL),
('7205061006', '720506', 'Kulango', NULL, NULL),
('7205061007', '720506', 'Bugis', NULL, NULL),
('7205072001', '720507', 'Boilan', NULL, NULL),
('7205072002', '720507', 'Kokobuka', NULL, NULL),
('7205072003', '720507', 'Air Terang', NULL, NULL),
('7205072004', '720507', 'Panilan Jaya', NULL, NULL),
('7205072005', '720507', 'Jatimulya', NULL, NULL),
('7205072006', '720507', 'Lomuli', NULL, NULL),
('7205072007', '720507', 'Balau', NULL, NULL),
('7205072008', '720507', 'Maniala', NULL, NULL),
('7205072009', '720507', 'Monggonit', NULL, NULL),
('7205082001', '720508', 'Biau', NULL, NULL),
('7205082002', '720508', 'Bungkudu', NULL, NULL),
('7205082003', '720508', 'Rantemaranu', NULL, NULL),
('7205082004', '720508', 'Winangun', NULL, NULL),
('7205082005', '720508', 'Modo I', NULL, NULL),
('7205082006', '720508', 'Unone', NULL, NULL),
('7205082007', '720508', 'Mopu', NULL, NULL),
('7205082008', '720508', 'Diat', NULL, NULL),
('7205082009', '720508', 'Potangoan', NULL, NULL),
('7205082010', '720508', 'Binuang', NULL, NULL),
('7205082011', '720508', 'Yugut', NULL, NULL),
('7205082012', '720508', 'Mooyong', NULL, NULL),
('7205082013', '720508', 'Mulat', NULL, NULL),
('7205082014', '720508', 'Bukal', NULL, NULL),
('7205092001', '720509', 'Lokodidi', NULL, NULL),
('7205092002', '720509', 'Matinan', NULL, NULL),
('7205092003', '720509', 'Taat', NULL, NULL),
('7205092004', '720509', 'Lokodoka', NULL, NULL),
('7205092005', '720509', 'Labuton', NULL, NULL),
('7205092006', '720509', 'Bulagidun', NULL, NULL),
('7205092007', '720509', 'Diapati', NULL, NULL),
('7205092008', '720509', 'Nandu', NULL, NULL),
('7205092009', '720509', 'Lipubogu', NULL, NULL),
('7205092010', '720509', 'Bulogidon Tanjung', NULL, NULL),
('7205092011', '720509', 'Pandangan', NULL, NULL),
('7205102001', '720510', 'Mokupo', NULL, NULL),
('7205102002', '720510', 'Mendaan', NULL, NULL),
('7205102003', '720510', 'Baruga', NULL, NULL),
('7205102004', '720510', 'Monano', NULL, NULL),
('7205102005', '720510', 'Busak I', NULL, NULL),
('7205102006', '720510', 'Busak II', NULL, NULL),
('7205102007', '720510', 'Lamakan', NULL, NULL),
('7205112001', '720511', 'Bodi', NULL, NULL),
('7205112002', '720511', 'Tayokan', NULL, NULL),
('7205112003', '720511', 'Harmoni', NULL, NULL),
('7205112004', '720511', 'Lunguto', NULL, NULL),
('7205112005', '720511', 'Timbulon', NULL, NULL),
('7205112006', '720511', 'Oyak', NULL, NULL),
('7205112007', '720511', 'Hulubalang', NULL, NULL),
('7206051014', '720605', 'Mendui', NULL, NULL),
('7206051015', '720605', 'Lamberea', NULL, NULL),
('7206051016', '720605', 'Tofoiso', NULL, NULL),
('7206051017', '720605', 'Marsaoleh', NULL, NULL),
('7206051018', '720605', 'Matano', NULL, NULL),
('7206051020', '720605', 'Bungi', NULL, NULL),
('7206052010', '720605', 'Puungkoilu', NULL, NULL),
('7206052011', '720605', 'Bahontobungku', NULL, NULL),
('7206052012', '720605', 'Tofuti', NULL, NULL),
('7206052013', '720605', 'Sakita', NULL, NULL),
('7206052019', '720605', 'Matansala', NULL, NULL),
('7206052021', '720605', 'Bahoruru', NULL, NULL),
('7206052022', '720605', 'Bente', NULL, NULL),
('7206052023', '720605', 'Ipi', NULL, NULL),
('7206052024', '720605', 'Bahomohoni', NULL, NULL),
('7206052025', '720605', 'Bahomoleo', NULL, NULL),
('7206052026', '720605', 'Bahomante', NULL, NULL),
('7206052027', '720605', 'Lanona', NULL, NULL),
('7206052029', '720605', 'Tudua', NULL, NULL),
('7206062001', '720606', 'Sainoa', NULL, NULL),
('7206062002', '720606', 'Polewali', NULL, NULL),
('7206062003', '720606', 'Umbele', NULL, NULL),
('7206062004', '720606', 'Pulau Dua', NULL, NULL),
('7206062005', '720606', 'Bakala', NULL, NULL),
('7206062006', '720606', 'Paku', NULL, NULL),
('7206062007', '720606', 'Koburu', NULL, NULL),
('7206062008', '720606', 'Buton', NULL, NULL),
('7206062009', '720606', 'Jawi-Jawi', NULL, NULL),
('7206062010', '720606', 'Kaleroang', NULL, NULL),
('7206062011', '720606', 'Bungingkela', NULL, NULL),
('7206062012', '720606', 'Lokombulo', NULL, NULL),
('7206062013', '720606', 'Buajangka', NULL, NULL),
('7206062014', '720606', 'Waru-Waru', NULL, NULL),
('7206062015', '720606', 'Padabale', NULL, NULL),
('7206062016', '720606', 'Pado-Pado', NULL, NULL),
('7206062017', '720606', 'Pulaubapa', NULL, NULL),
('7206062018', '720606', 'Lalemo', NULL, NULL),
('7206062019', '720606', 'Lamontoli', NULL, NULL),
('7206062041', '720606', 'Bungintende', NULL, NULL),
('7206062043', '720606', 'Panimbawang', NULL, NULL),
('7206062044', '720606', 'Poo', NULL, NULL),
('7206062045', '720606', 'Boelimau', NULL, NULL),
('7206062046', '720606', 'Poaro', NULL, NULL),
('7206062047', '720606', 'Umbele Lama', NULL, NULL),
('7206062048', '720606', 'Pulau Dua Darat', NULL, NULL),
('7206071007', '720607', 'Ulunambo', NULL, NULL),
('7206072001', '720607', 'Terebino', NULL, NULL),
('7206072002', '720607', 'Torukuno', NULL, NULL),
('7206072003', '720607', 'Ngapaea', NULL, NULL),
('7206072004', '720607', 'Padalaa', NULL, NULL),
('7206072005', '720607', 'Morompaitonga', NULL, NULL),
('7206072006', '720607', 'Kofalagadi', NULL, NULL),
('7206072008', '720607', 'Padei Laut', NULL, NULL),
('7206072009', '720607', 'Padei Darat', NULL, NULL),
('7206072010', '720607', 'Samarengga', NULL, NULL),
('7206072011', '720607', 'Masadian', NULL, NULL),
('7206072012', '720607', 'Pulau Tiga', NULL, NULL),
('7206072013', '720607', 'Matano', NULL, NULL),
('7206072014', '720607', 'Matarape', NULL, NULL),
('7206072015', '720607', 'Ulunipa', NULL, NULL),
('7206072016', '720607', 'Wawangkolono', NULL, NULL),
('7206072017', '720607', 'Buranga', NULL, NULL),
('7206072018', '720607', 'Dongkalan', NULL, NULL),
('7206072019', '720607', 'Tafagapi', NULL, NULL),
('7206072020', '720607', 'Pulau Tengah', NULL, NULL),
('7206072021', '720607', 'Mbokitta', NULL, NULL),
('7206072022', '720607', 'Tanjung Tiram', NULL, NULL),
('7206072023', '720607', 'Tanona', NULL, NULL),
('7206072024', '720607', 'Tanjung Harapan', NULL, NULL),
('7206082001', '720608', 'Bahoea Reko- Reko', NULL, NULL),
('7206082002', '720608', 'Wosu', NULL, NULL),
('7206082003', '720608', 'Larobenu', NULL, NULL),
('7206082004', '720608', 'Umpanga', NULL, NULL),
('7206082005', '720608', 'Tondo', NULL, NULL),
('7206082006', '720608', 'Topogaro', NULL, NULL),
('7206082007', '720608', 'Ambunu', NULL, NULL),
('7206082008', '720608', 'Wata', NULL, NULL),
('7206082012', '720608', 'Uedago', NULL, NULL),
('7206082029', '720608', 'Marga Mulya', NULL, NULL),
('7206092001', '720609', 'Parilangke', NULL, NULL),
('7206092002', '720609', 'Bahonsuai', NULL, NULL),
('7206092003', '720609', 'Atananga', NULL, NULL),
('7206092004', '720609', 'Pebatae', NULL, NULL),
('7206092005', '720609', 'Umbele', NULL, NULL),
('7206092006', '720609', 'Lambelu', NULL, NULL),
('7206092007', '720609', 'Limbo Makmur', NULL, NULL),
('7206092008', '720609', 'Beringin Jaya', NULL, NULL),
('7206092009', '720609', 'Samarenda', NULL, NULL),
('7206092010', '720609', 'Lasampi', NULL, NULL),
('7206092011', '720609', 'Harapan Jaya', NULL, NULL),
('7206092012', '720609', 'Pebotoa', NULL, NULL),
('7206092013', '720609', 'Karaupa', NULL, NULL),
('7206102001', '720610', 'Bete-Bete', NULL, NULL),
('7206102002', '720610', 'Padabahao', NULL, NULL),
('7206102003', '720610', 'Labota', NULL, NULL),
('7206102004', '720610', 'Fatufia', NULL, NULL),
('7206102005', '720610', 'Keurea', NULL, NULL),
('7206102006', '720610', 'Bahodopi', NULL, NULL),
('7206102007', '720610', 'Lalampu', NULL, NULL),
('7206102008', '720610', 'Siumbatu', NULL, NULL),
('7206102009', '720610', 'Dampala', NULL, NULL),
('7206102010', '720610', 'Le-Le', NULL, NULL),
('7206102011', '720610', 'Baho Makmur', NULL, NULL),
('7206102012', '720610', 'Makartijaya', NULL, NULL),
('7206122001', '720612', 'Sampeantaba', NULL, NULL),
('7206122002', '720612', 'Emea', NULL, NULL),
('7206122006', '720612', 'Moahino', NULL, NULL),
('7206122007', '720612', 'Solonsa', NULL, NULL),
('7206122008', '720612', 'Lantula Jaya', NULL, NULL),
('7206122009', '720612', 'Puntari Makmur', NULL, NULL),
('7206122010', '720612', 'Bumi Harapan', NULL, NULL),
('7206122011', '720612', 'Solonsa Jaya', NULL, NULL),
('7206122012', '720612', 'Ungkaya', NULL, NULL),
('7206152001', '720615', 'Puungkeu', NULL, NULL),
('7206152002', '720615', 'Tangofa', NULL, NULL),
('7206152003', '720615', 'One Ete', NULL, NULL),
('7206152004', '720615', 'Tandaoleo', NULL, NULL),
('7206152005', '720615', 'Lafeu', NULL, NULL),
('7206152006', '720615', 'Torete', NULL, NULL),
('7206152007', '720615', 'Buleleng', NULL, NULL),
('7206152008', '720615', 'Laroenai', NULL, NULL),
('7206152009', '720615', 'Sambalagi', NULL, NULL),
('7206152010', '720615', 'Werea', NULL, NULL),
('7206182001', '720618', 'Oneputeh Jaya', NULL, NULL),
('7206182002', '720618', 'Bahomotefe', NULL, NULL),
('7206182003', '720618', 'Bahomoahi', NULL, NULL),
('7206182004', '720618', 'Ululere', NULL, NULL),
('7206182005', '720618', 'Kolono', NULL, NULL),
('7206182006', '720618', 'Geresa', NULL, NULL),
('7206182007', '720618', 'Laroue', NULL, NULL),
('7206182008', '720618', 'Nambo', NULL, NULL),
('7206182009', '720618', 'Unsongi', NULL, NULL),
('7206182010', '720618', 'Lahuafu', NULL, NULL),
('7207032007', '720703', 'Sobonon', NULL, NULL),
('7207032008', '720703', 'Bolonan', NULL, NULL),
('7207032009', '720703', 'Batang Babasal', NULL, NULL),
('7207032010', '720703', 'Sampaka', NULL, NULL),
('7207032011', '720703', 'Salangano', NULL, NULL),
('7207032012', '720703', 'Sambiut', NULL, NULL),
('7207032013', '720703', 'Sakay', NULL, NULL),
('7207032014', '720703', 'Tone', NULL, NULL);
INSERT INTO `kelurahans` (`id`, `kecamatan_id`, `name`, `created_at`, `updated_at`) VALUES
('7207032015', '720703', 'Abason', NULL, NULL),
('7207032016', '720703', 'Lopito', NULL, NULL),
('7207032017', '720703', 'Kombutokan', NULL, NULL),
('7207041015', '720704', 'Salakan', NULL, NULL),
('7207042009', '720704', 'Manggalai', NULL, NULL),
('7207042010', '720704', 'Ambelang', NULL, NULL),
('7207042011', '720704', 'Saiyong', NULL, NULL),
('7207042012', '720704', 'Tompudau', NULL, NULL),
('7207042013', '720704', 'Bongganan', NULL, NULL),
('7207042014', '720704', 'Baka', NULL, NULL),
('7207042016', '720704', 'Bulungkobit', NULL, NULL),
('7207042017', '720704', 'Bakalan', NULL, NULL),
('7207042018', '720704', 'Kautu', NULL, NULL),
('7207042022', '720704', 'Bungin', NULL, NULL),
('7207052001', '720705', 'Tangkop', NULL, NULL),
('7207052002', '720705', 'Binuntuli', NULL, NULL),
('7207052003', '720705', 'Popidolon', NULL, NULL),
('7207052004', '720705', 'Okumel', NULL, NULL),
('7207052005', '720705', 'Tomboniki', NULL, NULL),
('7207052006', '720705', 'Kindandal', NULL, NULL),
('7207052007', '720705', 'Mamulusan', NULL, NULL),
('7207052010', '720705', 'Saleati', NULL, NULL),
('7207052011', '720705', 'Liang', NULL, NULL),
('7207052012', '720705', 'Bajo', NULL, NULL),
('7207052013', '720705', 'Balayon', NULL, NULL),
('7207052016', '720705', 'Basosol', NULL, NULL),
('7207052017', '720705', 'Boyoumoute', NULL, NULL),
('7207052018', '720705', 'Apal', NULL, NULL),
('7207052025', '720705', 'Selekan', NULL, NULL),
('7207052026', '720705', 'Loolong', NULL, NULL),
('7207061018', '720706', 'Bulagi I', NULL, NULL),
('7207062014', '720706', 'Tolo', NULL, NULL),
('7207062015', '720706', 'Lalandai', NULL, NULL),
('7207062016', '720706', 'Montomisan', NULL, NULL),
('7207062017', '720706', 'Sosom', NULL, NULL),
('7207062019', '720706', 'Bulagi II', NULL, NULL),
('7207062020', '720706', 'Boloy', NULL, NULL),
('7207062021', '720706', 'Meselesek', NULL, NULL),
('7207062022', '720706', 'Oluno', NULL, NULL),
('7207062023', '720706', 'Sumondung', NULL, NULL),
('7207062024', '720706', 'Pelingseasa', NULL, NULL),
('7207062025', '720706', 'Komba-komba', NULL, NULL),
('7207062035', '720706', 'Alul', NULL, NULL),
('7207062038', '720706', 'Toolon', NULL, NULL),
('7207062039', '720706', 'Kambal', NULL, NULL),
('7207062040', '720706', 'Kayubet', NULL, NULL),
('7207072008', '720707', 'Paisubatu', NULL, NULL),
('7207072009', '720707', 'Batangono', NULL, NULL),
('7207072010', '720707', 'Lalengan', NULL, NULL),
('7207072011', '720707', 'Peling Lalomo', NULL, NULL),
('7207072012', '720707', 'Labasiano', NULL, NULL),
('7207072013', '720707', 'Tataba', NULL, NULL),
('7207072014', '720707', 'Malanggong', NULL, NULL),
('7207072015', '720707', 'Leme-leme bungin', NULL, NULL),
('7207072016', '720707', 'Leme-leme darat', NULL, NULL),
('7207072017', '720707', 'Talas-talas', NULL, NULL),
('7207072018', '720707', 'Okulo Potil', NULL, NULL),
('7207072019', '720707', 'Tatendeng', NULL, NULL),
('7207072020', '720707', 'Olusi', NULL, NULL),
('7207092001', '720709', 'Bonepuso', NULL, NULL),
('7207092002', '720709', 'Palabatu II', NULL, NULL),
('7207092003', '720709', 'Tatarandang', NULL, NULL),
('7207092004', '720709', 'Pandaluk', NULL, NULL),
('7207092005', '720709', 'Osan', NULL, NULL),
('7207092006', '720709', 'Balalon', NULL, NULL),
('7207092007', '720709', 'Sabelak', NULL, NULL),
('7207092008', '720709', 'Suit', NULL, NULL),
('7207092009', '720709', 'Lolantang', NULL, NULL),
('7207092010', '720709', 'Toi-Toi', NULL, NULL),
('7207092011', '720709', 'Palabatu I', NULL, NULL),
('7207092012', '720709', 'Mangais', NULL, NULL),
('7207092013', '720709', 'Unu', NULL, NULL),
('7207092014', '720709', 'Lemelu', NULL, NULL),
('7207092015', '720709', 'Babang', NULL, NULL),
('7207092016', '720709', 'Momotan', NULL, NULL),
('7207092017', '720709', 'Boluni', NULL, NULL),
('7207092018', '720709', 'Labotankandi', NULL, NULL),
('7207092019', '720709', 'Alasan Nggolobuton', NULL, NULL),
('7207092020', '720709', 'Pipilogot Paipaisu', NULL, NULL),
('7207112001', '720711', 'Tobing', NULL, NULL),
('7207112002', '720711', 'Paisumusoni', NULL, NULL),
('7207112003', '720711', 'Tobungin', NULL, NULL),
('7207112004', '720711', 'Mansamat A', NULL, NULL),
('7207112005', '720711', 'Mansamat B', NULL, NULL),
('7207112006', '720711', 'Kampung Baru', NULL, NULL),
('7207112007', '720711', 'Tinangkung', NULL, NULL),
('7207112008', '720711', 'Gansal', NULL, NULL),
('7207112009', '720711', 'Bobu', NULL, NULL),
('7207152001', '720715', 'Kalumbatan', NULL, NULL),
('7207152002', '720715', 'Tonuson', NULL, NULL),
('7207152003', '720715', 'Tobungku', NULL, NULL),
('7207152004', '720715', 'Nulion', NULL, NULL),
('7207152005', '720715', 'Peley', NULL, NULL),
('7207152006', '720715', 'Kanali', NULL, NULL),
('7207152007', '720715', 'Mata', NULL, NULL),
('7207152008', '720715', 'Lobuton', NULL, NULL),
('7207162001', '720716', 'Patukuki', NULL, NULL),
('7207162002', '720716', 'Balombong', NULL, NULL),
('7207162003', '720716', 'Kolak', NULL, NULL),
('7207162004', '720716', 'Koyobunga', NULL, NULL),
('7207162005', '720716', 'Alakasing', NULL, NULL),
('7207162006', '720716', 'Tombos', NULL, NULL),
('7207162007', '720716', 'Luk', NULL, NULL),
('7207162008', '720716', 'Labibi', NULL, NULL),
('7207162009', '720716', 'Popisi', NULL, NULL),
('7207162010', '720716', 'Tolulos', NULL, NULL),
('7207162011', '720716', 'Tunggaling', NULL, NULL),
('7207171009', '720717', 'Sabang', NULL, NULL),
('7207172001', '720717', 'Sambulangan', NULL, NULL),
('7207172002', '720717', 'Bangunemo', NULL, NULL),
('7207172003', '720717', 'Paisuluno', NULL, NULL),
('7207172004', '720717', 'Montop', NULL, NULL),
('7207172005', '720717', 'Bolubung', NULL, NULL),
('7207172006', '720717', 'Bakalinga', NULL, NULL),
('7207172007', '720717', 'Lukpanenteng', NULL, NULL),
('7207172008', '720717', 'Koyobunga', NULL, NULL),
('7207172010', '720717', 'Ombuli', NULL, NULL),
('7207172011', '720717', 'Minanga', NULL, NULL),
('7207172012', '720717', 'Mandok', NULL, NULL),
('7207182001', '720718', 'Lumbi-lumbia', NULL, NULL),
('7207182002', '720718', 'Kambani', NULL, NULL),
('7207182003', '720718', 'Tatabau', NULL, NULL),
('7207182004', '720718', 'Buko', NULL, NULL),
('7207182005', '720718', 'Palapat', NULL, NULL),
('7207182006', '720718', 'Labangun', NULL, NULL),
('7207182007', '720718', 'Seano', NULL, NULL),
('7207182008', '720718', 'Lelang Matamaling', NULL, NULL),
('7207182009', '720718', 'Apal', NULL, NULL),
('7207182010', '720718', 'Sapelang', NULL, NULL),
('7207182011', '720718', 'Landonan Bebeau', NULL, NULL),
('7207192001', '720719', 'Tatakalai', NULL, NULL),
('7207192002', '720719', 'Lalong', NULL, NULL),
('7207192003', '720719', 'Ponding-ponding', NULL, NULL),
('7207192004', '720719', 'Luksagu', NULL, NULL),
('7207192005', '720719', 'Palam', NULL, NULL),
('7207192006', '720719', 'Bampanga', NULL, NULL),
('7208011017', '720801', 'Masigi', NULL, NULL),
('7208011018', '720801', 'Maesa', NULL, NULL),
('7208011019', '720801', 'Loji', NULL, NULL),
('7208011020', '720801', 'Bantaya', NULL, NULL),
('7208011021', '720801', 'Kampal', NULL, NULL),
('7208012011', '720801', 'Olaya', NULL, NULL),
('7208012012', '720801', 'Pembalowo', NULL, NULL),
('7208012013', '720801', 'Mertasari', NULL, NULL),
('7208012022', '720801', 'Bambalemo', NULL, NULL),
('7208012023', '720801', 'Lebo', NULL, NULL),
('7208012035', '720801', 'Bambalemo Ranomaisi', NULL, NULL),
('7208022005', '720802', 'Tolole', NULL, NULL),
('7208022006', '720802', 'Toga', NULL, NULL),
('7208022007', '720802', 'Sidole', NULL, NULL),
('7208022008', '720802', 'Paranggi', NULL, NULL),
('7208022009', '720802', 'Ampibabo', NULL, NULL),
('7208022010', '720802', 'Lemo', NULL, NULL),
('7208022011', '720802', 'Buranga', NULL, NULL),
('7208022021', '720802', 'Tanampedagi', NULL, NULL),
('7208022022', '720802', 'Tombi', NULL, NULL),
('7208022024', '720802', 'Ampibabo Utara', NULL, NULL),
('7208022025', '720802', 'Ogolugus', NULL, NULL),
('7208022026', '720802', 'Lemo Utara', NULL, NULL),
('7208022027', '720802', 'Sidole Barat', NULL, NULL),
('7208022028', '720802', 'Aloo', NULL, NULL),
('7208022029', '720802', 'Ampibabo Timur', NULL, NULL),
('7208022030', '720802', 'Sidole Timur', NULL, NULL),
('7208022031', '720802', 'Pangku', NULL, NULL),
('7208022032', '720802', 'Tolole Raya', NULL, NULL),
('7208022033', '720802', 'Lemo Tengah', NULL, NULL),
('7208032008', '720803', 'Bainaa', NULL, NULL),
('7208032009', '720803', 'Dongkas', NULL, NULL),
('7208032010', '720803', 'Tinombo', NULL, NULL),
('7208032011', '720803', 'Lombok', NULL, NULL),
('7208032012', '720803', 'Dusunan', NULL, NULL),
('7208032013', '720803', 'Tibu', NULL, NULL),
('7208032019', '720803', 'Bainaa Barat', NULL, NULL),
('7208032021', '720803', 'Ogoalas', NULL, NULL),
('7208032022', '720803', 'Lombok Barat', NULL, NULL),
('7208032027', '720803', 'Silabia', NULL, NULL),
('7208032028', '720803', 'Siavu', NULL, NULL),
('7208032029', '720803', 'Ambason Mekar', NULL, NULL),
('7208032030', '720803', 'Dusunan Barat', NULL, NULL),
('7208032031', '720803', 'Patingke', NULL, NULL),
('7208032033', '720803', 'Taipaobal', NULL, NULL),
('7208042001', '720804', 'Moutong Timur', NULL, NULL),
('7208042002', '720804', 'Moutong Barat', NULL, NULL),
('7208042003', '720804', 'Moutong Tengah', NULL, NULL),
('7208042004', '720804', 'Tuladenggi Pantai', NULL, NULL),
('7208042006', '720804', 'Gio', NULL, NULL),
('7208042024', '720804', 'Lobu', NULL, NULL),
('7208042025', '720804', 'Pendelalap', NULL, NULL),
('7208042026', '720804', 'Sejoli', NULL, NULL),
('7208042028', '720804', 'Aedan Raya', NULL, NULL),
('7208042029', '720804', 'Salumpengut', NULL, NULL),
('7208042030', '720804', 'Boloung Olonggata', NULL, NULL),
('7208042031', '720804', 'Labuan', NULL, NULL),
('7208042032', '720804', 'Mbelang Mbelang', NULL, NULL),
('7208042033', '720804', 'Pande', NULL, NULL),
('7208042034', '720804', 'Moutong Utara', NULL, NULL),
('7208042035', '720804', 'Salepae', NULL, NULL),
('7208042036', '720804', 'Olonggata', NULL, NULL),
('7208042037', '720804', 'Gio Timur', NULL, NULL),
('7208042038', '720804', 'Gio Barat', NULL, NULL),
('7208042039', '720804', 'Sialopa', NULL, NULL),
('7208052005', '720805', 'Tingkulang', NULL, NULL),
('7208052006', '720805', 'Tomini', NULL, NULL),
('7208052007', '720805', 'Ogotumubu', NULL, NULL),
('7208052008', '720805', 'Ambesia', NULL, NULL),
('7208052009', '720805', 'Tilung', NULL, NULL),
('7208052022', '720805', 'Ambesia Selatan', NULL, NULL),
('7208052023', '720805', 'Biga', NULL, NULL),
('7208052024', '720805', 'Tomini Utara', NULL, NULL),
('7208052025', '720805', 'Tomini Barat', NULL, NULL),
('7208052026', '720805', 'Supilopong', NULL, NULL),
('7208052027', '720805', 'Ambesia Barat', NULL, NULL),
('7208052028', '720805', 'Sipontan', NULL, NULL),
('7208052029', '720805', 'Taaniuge', NULL, NULL),
('7208052030', '720805', 'Ogotumubu Barat', NULL, NULL),
('7208062009', '720806', 'Sausu Peore', NULL, NULL),
('7208062010', '720806', 'Maleali', NULL, NULL),
('7208062011', '720806', 'Sausu Trans', NULL, NULL),
('7208062012', '720806', 'Sausu Torono', NULL, NULL),
('7208062013', '720806', 'Sausu Pakareme', NULL, NULL),
('7208062015', '720806', 'Sausu Gandasari', NULL, NULL),
('7208062016', '720806', 'Sausu Salubanga', NULL, NULL),
('7208062017', '720806', 'Taliabo', NULL, NULL),
('7208062018', '720806', 'Sausu Tambu', NULL, NULL),
('7208062019', '720806', 'Sausu Auma', NULL, NULL),
('7208072001', '720807', 'Lambunu', NULL, NULL),
('7208072004', '720807', 'Wanagading', NULL, NULL),
('7208072005', '720807', 'Kotanagaya', NULL, NULL),
('7208072006', '720807', 'Margapura', NULL, NULL),
('7208072007', '720807', 'Petunasugi', NULL, NULL),
('7208072016', '720807', 'Siendeng', NULL, NULL),
('7208072017', '720807', 'Lambunu Utara', NULL, NULL),
('7208072021', '720807', 'Gunungsari', NULL, NULL),
('7208072031', '720807', 'Tirtanagaya', NULL, NULL),
('7208072033', '720807', 'Anutapura', NULL, NULL),
('7208072035', '720807', 'Lambunu Timur', NULL, NULL),
('7208072036', '720807', 'Bukit Makmur', NULL, NULL),
('7208072037', '720807', 'Ogorandu', NULL, NULL),
('7208072038', '720807', 'Ganongol Sari', NULL, NULL),
('7208082001', '720808', 'Kasimbar', NULL, NULL),
('7208082002', '720808', 'Posona', NULL, NULL),
('7208082003', '720808', 'Laemanta', NULL, NULL),
('7208082004', '720808', 'Donggulu', NULL, NULL),
('7208082005', '720808', 'Kasimbar Selatan', NULL, NULL),
('7208082006', '720808', 'Kasimbar Barat', NULL, NULL),
('7208082007', '720808', 'Silampayang', NULL, NULL),
('7208082008', '720808', 'Tovalo', NULL, NULL),
('7208082009', '720808', 'Donggulu Selatan', NULL, NULL),
('7208082010', '720808', 'Labuan Donggulu', NULL, NULL),
('7208082011', '720808', 'Kasimbar Palapi', NULL, NULL),
('7208082012', '720808', 'Peningka', NULL, NULL),
('7208082013', '720808', 'Laemanta Utara', NULL, NULL),
('7208082014', '720808', 'Agodopi Kasimbar', NULL, NULL),
('7208082015', '720808', 'Sendana', NULL, NULL),
('7208082016', '720808', 'Kasimbar Utara', NULL, NULL),
('7208082017', '720808', 'Posona Atas', NULL, NULL),
('7208082018', '720808', 'Sumber Tani', NULL, NULL),
('7208092001', '720809', 'Tanalanto', NULL, NULL),
('7208092002', '720809', 'Torue', NULL, NULL),
('7208092003', '720809', 'Astina', NULL, NULL),
('7208092004', '720809', 'Purwosari', NULL, NULL),
('7208092005', '720809', 'Tolai', NULL, NULL),
('7208092006', '720809', 'Tolai Barat', NULL, NULL),
('7208092007', '720809', 'Tolai Timur', NULL, NULL),
('7208102001', '720810', 'Tada', NULL, NULL),
('7208102002', '720810', 'Sinei', NULL, NULL),
('7208102003', '720810', 'Maninili', NULL, NULL),
('7208102004', '720810', 'Sigenti', NULL, NULL),
('7208102005', '720810', 'Malanggo', NULL, NULL),
('7208102006', '720810', 'Silutung', NULL, NULL),
('7208102007', '720810', 'Tada Selatan', NULL, NULL),
('7208102008', '720810', 'Sigega Bersehati', NULL, NULL),
('7208102009', '720810', 'Siaga', NULL, NULL),
('7208102010', '720810', 'Khatulistiwa', NULL, NULL),
('7208102011', '720810', 'Poly', NULL, NULL),
('7208102012', '720810', 'Sigenti Selatan', NULL, NULL),
('7208102013', '720810', 'Tada Timur', NULL, NULL),
('7208102014', '720810', 'Sigenti Barat', NULL, NULL),
('7208102015', '720810', 'Malanggo Pesisir', NULL, NULL),
('7208102016', '720810', 'Maninili Barat', NULL, NULL),
('7208102017', '720810', 'Maninili Utara', NULL, NULL),
('7208102018', '720810', 'Siney Tengah', NULL, NULL),
('7208102019', '720810', 'Tada Utara', NULL, NULL),
('7208102020', '720810', 'Oncone Raya', NULL, NULL),
('7208112001', '720811', 'Lemusa', NULL, NULL),
('7208112002', '720811', 'Olobaru', NULL, NULL),
('7208112003', '720811', 'Boyantongo', NULL, NULL),
('7208112004', '720811', 'Dolago', NULL, NULL),
('7208112005', '720811', 'Masari', NULL, NULL),
('7208112006', '720811', 'Sumbersari', NULL, NULL),
('7208112007', '720811', 'Nambaru', NULL, NULL),
('7208112008', '720811', 'Tindaki', NULL, NULL),
('7208112009', '720811', 'Gangga', NULL, NULL),
('7208112010', '720811', 'Dolago Padang', NULL, NULL),
('7208122001', '720812', 'Kayu Agung', NULL, NULL),
('7208122002', '720812', 'Sumber Agung', NULL, NULL),
('7208122003', '720812', 'Kotaraya', NULL, NULL),
('7208122004', '720812', 'Mepanga', NULL, NULL),
('7208122005', '720812', 'Ogotion', NULL, NULL),
('7208122006', '720812', 'Mensung', NULL, NULL),
('7208122007', '720812', 'Bugis', NULL, NULL),
('7208122008', '720812', 'Moubang', NULL, NULL),
('7208122009', '720812', 'Ogobayas', NULL, NULL),
('7208122010', '720812', 'Kota Raya Timur', NULL, NULL),
('7208122011', '720812', 'Malalan', NULL, NULL),
('7208122012', '720812', 'Kota Raya Selatan', NULL, NULL),
('7208122013', '720812', 'Maranti', NULL, NULL),
('7208122014', '720812', 'Ogomolos', NULL, NULL),
('7208122015', '720812', 'Kotaraya Barat', NULL, NULL),
('7208122016', '720812', 'Bugis Utara', NULL, NULL),
('7208122017', '720812', 'Gurinda', NULL, NULL),
('7208122018', '720812', 'Kotaraya Tenggara', NULL, NULL),
('7208132001', '720813', 'Tomoli', NULL, NULL),
('7208132002', '720813', 'Toribulu', NULL, NULL),
('7208132003', '720813', 'Sienjo', NULL, NULL),
('7208132004', '720813', 'Pinotu', NULL, NULL),
('7208132005', '720813', 'Singura', NULL, NULL),
('7208132006', '720813', 'Tomoli Selatan', NULL, NULL),
('7208132007', '720813', 'Sibalago', NULL, NULL),
('7208132008', '720813', 'Toribulu Selatan', NULL, NULL),
('7208132009', '720813', 'Tomoli Utara', NULL, NULL),
('7208142001', '720814', 'Karya Agung', NULL, NULL),
('7208142002', '720814', 'Nunurantai', NULL, NULL),
('7208142003', '720814', 'Palapi', NULL, NULL),
('7208142004', '720814', 'Taopa', NULL, NULL),
('7208142005', '720814', 'Tuladenggi Sibatang', NULL, NULL),
('7208142006', '720814', 'Tompo', NULL, NULL),
('7208142007', '720814', 'Taopa Utara', NULL, NULL),
('7208142008', '720814', 'Bilalea', NULL, NULL),
('7208142009', '720814', 'Taopa Barat', NULL, NULL),
('7208142010', '720814', 'Paria', NULL, NULL),
('7208142011', '720814', 'Karya Abadi', NULL, NULL),
('7208152001', '720815', 'Malakosa', NULL, NULL),
('7208152002', '720815', 'Balinggi Jati', NULL, NULL),
('7208152003', '720815', 'Balinggi', NULL, NULL),
('7208152004', '720815', 'Suli', NULL, NULL),
('7208152005', '720815', 'Suli Indah', NULL, NULL),
('7208152006', '720815', 'Beraban', NULL, NULL),
('7208152007', '720815', 'Lebagu', NULL, NULL),
('7208152008', '720815', 'Tumpapa Indah', NULL, NULL),
('7208152009', '720815', 'Catur Karya', NULL, NULL),
('7208162001', '720816', 'Parigimpuu', NULL, NULL),
('7208162002', '720816', 'Baliara', NULL, NULL),
('7208162003', '720816', 'Kayuboko', NULL, NULL),
('7208162004', '720816', 'Jono Kalora', NULL, NULL),
('7208162005', '720816', 'Air Panas', NULL, NULL),
('7208162006', '720816', 'Lobu Mandiri', NULL, NULL),
('7208172001', '720817', 'Marantale', NULL, NULL),
('7208172002', '720817', 'Tandaigi', NULL, NULL),
('7208172003', '720817', 'Silanga', NULL, NULL),
('7208172004', '720817', 'Siniu', NULL, NULL),
('7208172005', '720817', 'Towera', NULL, NULL),
('7208172006', '720817', 'Toraranga', NULL, NULL),
('7208172007', '720817', 'Uevolo', NULL, NULL),
('7208172008', '720817', 'Siniu Sayogindano', NULL, NULL),
('7208172009', '720817', 'Silanga Barat', NULL, NULL),
('7208182001', '720818', 'Bobalo', NULL, NULL),
('7208182002', '720818', 'Dongkalan', NULL, NULL),
('7208182003', '720818', 'Eeya', NULL, NULL),
('7208182004', '720818', 'Ulatan', NULL, NULL),
('7208182005', '720818', 'Palasa Tangki', NULL, NULL),
('7208182006', '720818', 'Palasa Tengah', NULL, NULL),
('7208182007', '720818', 'Palasa Lambori', NULL, NULL),
('7208182008', '720818', 'Pebounang', NULL, NULL),
('7208182009', '720818', 'Bambasiang', NULL, NULL),
('7208182010', '720818', 'Beau', NULL, NULL),
('7208182011', '720818', 'Ogoansam', NULL, NULL),
('7208192001', '720819', 'Avolua', NULL, NULL),
('7208192002', '720819', 'Toboli', NULL, NULL),
('7208192003', '720819', 'Toboli Barat', NULL, NULL),
('7208192004', '720819', 'Pangi', NULL, NULL),
('7208192005', '720819', 'Sakinah Jaya', NULL, NULL),
('7208202001', '720820', 'Pelawa Baru', NULL, NULL),
('7208202002', '720820', 'Pelawa', NULL, NULL),
('7208202003', '720820', 'Binangga', NULL, NULL),
('7208202004', '720820', 'Jononunu', NULL, NULL),
('7208202005', '720820', 'Matolele', NULL, NULL),
('7208202006', '720820', 'Petapa', NULL, NULL),
('7208212001', '720821', 'Bolano', NULL, NULL),
('7208212002', '720821', 'Bolano Tengah', NULL, NULL),
('7208212003', '720821', 'Bolano Barat', NULL, NULL),
('7208212004', '720821', 'Bolano Utara', NULL, NULL),
('7208212005', '720821', 'Bajo', NULL, NULL),
('7208212006', '720821', 'Sritabaang', NULL, NULL),
('7208212007', '720821', 'Beringin Jaya', NULL, NULL),
('7208212008', '720821', 'Wanamukti', NULL, NULL),
('7208212009', '720821', 'Wanamukti Utara', NULL, NULL),
('7208212010', '720821', 'Lembah Bomban', NULL, NULL),
('7208212011', '720821', 'Sidomukti', NULL, NULL),
('7208212012', '720821', 'Wanamukti Barat', NULL, NULL),
('7208212013', '720821', 'Sama Bahari', NULL, NULL),
('7208222001', '720822', 'Ongka', NULL, NULL),
('7208222002', '720822', 'Malino', NULL, NULL),
('7208222003', '720822', 'Santigi', NULL, NULL),
('7208222004', '720822', 'Persatuan Sejati', NULL, NULL),
('7208222005', '720822', 'Tabolobolo', NULL, NULL),
('7208222006', '720822', 'Tinombala', NULL, NULL),
('7208222007', '720822', 'Karya Mandiri', NULL, NULL),
('7208222008', '720822', 'Kayu Jati', NULL, NULL),
('7208222009', '720822', 'Lambanau', NULL, NULL),
('7208222010', '720822', 'Bosagon Jaya', NULL, NULL),
('7208222011', '720822', 'Persatuan Utara', NULL, NULL),
('7208222012', '720822', 'Tinombala Jaya', NULL, NULL),
('7208222013', '720822', 'Ongka Trimuspasari', NULL, NULL),
('7208222014', '720822', 'Tinombala Sejati', NULL, NULL),
('7208222015', '720822', 'Tinombala Barat', NULL, NULL),
('7208222016', '720822', 'Padaelo', NULL, NULL),
('7208222017', '720822', 'Ongka Persatuan', NULL, NULL),
('7208232001', '720823', 'Lado', NULL, NULL),
('7208232002', '720823', 'Sipayo', NULL, NULL),
('7208232003', '720823', 'Bondoyong', NULL, NULL),
('7208232004', '720823', 'Sidoan Selatan', NULL, NULL),
('7208232005', '720823', 'Sidoan Timur', NULL, NULL),
('7208232006', '720823', 'Sidoan', NULL, NULL),
('7208232007', '720823', 'Sidoan Barat', NULL, NULL),
('7208232008', '720823', 'Ogobagis', NULL, NULL),
('7208232009', '720823', 'Muara Jaya', NULL, NULL),
('7208232010', '720823', 'Bainaa Selatan', NULL, NULL),
('7208232011', '720823', 'Sintuwu Raya', NULL, NULL),
('7209012005', '720901', 'Taningkola', NULL, NULL),
('7209012006', '720901', 'Bambu', NULL, NULL),
('7209012007', '720901', 'Wakai', NULL, NULL),
('7209012008', '720901', 'Una-Una', NULL, NULL),
('7209012009', '720901', 'Tanjung Pude', NULL, NULL),
('7209012010', '720901', 'Lembanya', NULL, NULL),
('7209012014', '720901', 'Cendana', NULL, NULL),
('7209012015', '720901', 'Binanguna', NULL, NULL),
('7209012017', '720901', 'Kavetan', NULL, NULL),
('7209012018', '720901', 'Tanimpo', NULL, NULL),
('7209012019', '720901', 'Luangon', NULL, NULL),
('7209022001', '720902', 'Bungayo', NULL, NULL),
('7209022002', '720902', 'Benteng', NULL, NULL),
('7209022003', '720902', 'Bangkagi', NULL, NULL),
('7209022004', '720902', 'Tongkabo', NULL, NULL),
('7209022005', '720902', 'Pulau Enam', NULL, NULL),
('7209022006', '720902', 'Katupat', NULL, NULL),
('7209022007', '720902', 'Awo', NULL, NULL),
('7209022008', '720902', 'Kololio', NULL, NULL),
('7209022009', '720902', 'Urulepe', NULL, NULL),
('7209022010', '720902', 'Lembanato', NULL, NULL),
('7209022011', '720902', 'Lebiti', NULL, NULL),
('7209022012', '720902', 'Tobil', NULL, NULL),
('7209022013', '720902', 'Baulu', NULL, NULL),
('7209022014', '720902', 'Motobiai', NULL, NULL),
('7209022015', '720902', 'Sampobae', NULL, NULL),
('7209022016', '720902', 'Titirii', NULL, NULL),
('7209032006', '720903', 'Tiga Pulau', NULL, NULL),
('7209032007', '720903', 'Popolii', NULL, NULL),
('7209032008', '720903', 'Dolong B', NULL, NULL),
('7209032009', '720903', 'Tutung', NULL, NULL),
('7209032010', '720903', 'Dolong A', NULL, NULL),
('7209032016', '720903', 'Luok', NULL, NULL),
('7209032018', '720903', 'Kolami', NULL, NULL),
('7209032020', '720903', 'Olilan', NULL, NULL),
('7209032023', '720903', 'Loe', NULL, NULL),
('7209042001', '720904', 'Pusungi', NULL, NULL),
('7209042002', '720904', 'Tete B', NULL, NULL),
('7209042003', '720904', 'Tete A', NULL, NULL),
('7209042004', '720904', 'Uebone', NULL, NULL),
('7209042005', '720904', 'Mantangisi', NULL, NULL),
('7209042006', '720904', 'Bantuga', NULL, NULL),
('7209042007', '720904', 'Borone', NULL, NULL),
('7209042008', '720904', 'Balanggala', NULL, NULL),
('7209042009', '720904', 'Sabo', NULL, NULL),
('7209042010', '720904', 'Longge', NULL, NULL),
('7209042011', '720904', 'Tampabatu', NULL, NULL),
('7209042012', '720904', 'Urundaka', NULL, NULL),
('7209042013', '720904', 'Balingara', NULL, NULL),
('7209042014', '720904', 'Bulan Jaya', NULL, NULL),
('7209042015', '720904', 'Giri Mulyo', NULL, NULL),
('7209042017', '720904', 'Wanasari', NULL, NULL),
('7209042019', '720904', 'Kajulangko', NULL, NULL),
('7209042020', '720904', 'Uemakuni', NULL, NULL),
('7209042021', '720904', 'Mpoa', NULL, NULL),
('7209042022', '720904', 'Sukamaju', NULL, NULL),
('7209051002', '720905', 'Malotong', NULL, NULL),
('7209051003', '720905', 'Bailo', NULL, NULL),
('7209051004', '720905', 'Ampana', NULL, NULL),
('7209051012', '720905', 'Bone Rato', NULL, NULL),
('7209051013', '720905', 'Bailo Baru', NULL, NULL),
('7209051014', '720905', 'Labiabae', NULL, NULL),
('7209052001', '720905', 'Sansarino', NULL, NULL),
('7209052011', '720905', 'Padang Tumbuo', NULL, NULL),
('7209052018', '720905', 'Saluaba', NULL, NULL),
('7209052019', '720905', 'Buntongi', NULL, NULL),
('7209062001', '720906', 'Tampanombo', NULL, NULL),
('7209062002', '720906', 'Bonebae II', NULL, NULL),
('7209062003', '720906', 'Tobamau', NULL, NULL),
('7209062004', '720906', 'Rompi', NULL, NULL),
('7209062005', '720906', 'Uematopa', NULL, NULL),
('7209062006', '720906', 'Uekambuno', NULL, NULL),
('7209062007', '720906', 'Paranonge', NULL, NULL),
('7209062008', '720906', 'Bonebae I', NULL, NULL),
('7209062009', '720906', 'Watusongu', NULL, NULL),
('7209062010', '720906', 'Mire', NULL, NULL),
('7209062011', '720906', 'Marowo', NULL, NULL),
('7209062012', '720906', 'Borneang', NULL, NULL),
('7209062013', '720906', 'Bongka Makmur', NULL, NULL),
('7209062015', '720906', 'Cempa', NULL, NULL),
('7209062016', '720906', 'Bonevoto', NULL, NULL),
('7209062017', '720906', 'Bongkakoy', NULL, NULL),
('7209062018', '720906', 'Takibangke', NULL, NULL),
('7209062019', '720906', 'Kasiala', NULL, NULL),
('7209072001', '720907', 'Malei Tojo', NULL, NULL),
('7209072002', '720907', 'Matako', NULL, NULL),
('7209072003', '720907', 'Bambalo', NULL, NULL),
('7209072004', '720907', 'Galuga', NULL, NULL),
('7209072005', '720907', 'Toliba', NULL, NULL),
('7209072006', '720907', 'Ujung Tibu', NULL, NULL),
('7209072007', '720907', 'Nggawia', NULL, NULL),
('7209072008', '720907', 'Tombiano', NULL, NULL),
('7209072009', '720907', 'Tatari', NULL, NULL),
('7209072010', '720907', 'Kabalo', NULL, NULL),
('7209072011', '720907', 'Tanamawau', NULL, NULL),
('7209072012', '720907', 'Malewa', NULL, NULL),
('7209072013', '720907', 'Mawomba', NULL, NULL),
('7209082001', '720908', 'Lemoro', NULL, NULL),
('7209082002', '720908', 'Korondoda', NULL, NULL),
('7209082003', '720908', 'Tayawa', NULL, NULL),
('7209082004', '720908', 'Uekuli', NULL, NULL),
('7209082005', '720908', 'Betaua', NULL, NULL),
('7209082006', '720908', 'Uedele', NULL, NULL),
('7209082007', '720908', 'Sandada', NULL, NULL),
('7209082008', '720908', 'Tojo', NULL, NULL),
('7209082009', '720908', 'Pancuma', NULL, NULL),
('7209082010', '720908', 'Tongku', NULL, NULL),
('7209082011', '720908', 'Podi', NULL, NULL),
('7209082012', '720908', 'Dataran Bugi', NULL, NULL),
('7209082015', '720908', 'Banano', NULL, NULL),
('7209082016', '720908', 'Bahari', NULL, NULL),
('7209082017', '720908', 'Buyuntaripa', NULL, NULL),
('7209082018', '720908', 'Kalemba', NULL, NULL),
('7209092001', '720909', 'Biga', NULL, NULL),
('7209092002', '720909', 'Salinggoha', NULL, NULL),
('7209092003', '720909', 'Tingki', NULL, NULL),
('7209092004', '720909', 'Malapo', NULL, NULL),
('7209092005', '720909', 'Pasokan', NULL, NULL),
('7209092006', '720909', 'Kondongan', NULL, NULL),
('7209092007', '720909', 'Katogop', NULL, NULL),
('7209092008', '720909', 'Tongidon', NULL, NULL),
('7209101001', '720910', 'Uentanaga Bawah', NULL, NULL),
('7209101002', '720910', 'Uentanaga Atas', NULL, NULL),
('7209101003', '720910', 'Dondo', NULL, NULL),
('7209101007', '720910', 'Uamalingku', NULL, NULL),
('7209101008', '720910', 'Dondo Barat', NULL, NULL),
('7209101009', '720910', 'Muara Toba', NULL, NULL),
('7209102004', '720910', 'Sumoli', NULL, NULL),
('7209102005', '720910', 'Sabulira Toba', NULL, NULL),
('7209102006', '720910', 'Labuan', NULL, NULL),
('7209102010', '720910', 'Patingko', NULL, NULL),
('7209112001', '720911', 'Bomba', NULL, NULL),
('7209112002', '720911', 'Molowagu', NULL, NULL),
('7209112003', '720911', 'Malino', NULL, NULL),
('7209112004', '720911', 'Kulingkinari', NULL, NULL),
('7209112005', '720911', 'Tumbulawa', NULL, NULL),
('7209112006', '720911', 'Siatu', NULL, NULL),
('7209112007', '720911', 'Kambutu', NULL, NULL),
('7209112008', '720911', 'Lindo', NULL, NULL),
('7209112009', '720911', 'Patoyan', NULL, NULL),
('7209122001', '720912', 'Kalia', NULL, NULL),
('7209122002', '720912', 'Malenge', NULL, NULL),
('7209122003', '720912', 'Pautu', NULL, NULL),
('7209122004', '720912', 'Tumotok', NULL, NULL),
('7209122005', '720912', 'Kabalutan', NULL, NULL),
('7209122006', '720912', 'Kadoda', NULL, NULL),
('7210012001', '721001', 'Sidondo II', NULL, NULL),
('7210012002', '721001', 'Sidondo I', NULL, NULL),
('7210012003', '721001', 'Bora', NULL, NULL),
('7210012004', '721001', 'Watunonju', NULL, NULL),
('7210012005', '721001', 'Olobuju', NULL, NULL),
('7210012006', '721001', 'Soulowe', NULL, NULL),
('7210012007', '721001', 'Sidera', NULL, NULL),
('7210012008', '721001', 'Jono Oge', NULL, NULL),
('7210012009', '721001', 'Kalukubula', NULL, NULL),
('7210012010', '721001', 'Lolu', NULL, NULL),
('7210012011', '721001', 'Pombewe', NULL, NULL),
('7210012012', '721001', 'Loru', NULL, NULL),
('7210012013', '721001', 'Mpanau', NULL, NULL),
('7210012014', '721001', 'Ngatabaru', NULL, NULL),
('7210012015', '721001', 'Maranatha', NULL, NULL),
('7210012016', '721001', 'Sidondo III', NULL, NULL),
('7210012017', '721001', 'Sidondo IV', NULL, NULL),
('7210022001', '721002', 'Bobo', NULL, NULL),
('7210022002', '721002', 'Bunga', NULL, NULL),
('7210022003', '721002', 'Kapirowe', NULL, NULL),
('7210022004', '721002', 'Makmur', NULL, NULL),
('7210022005', '721002', 'Berdikari', NULL, NULL),
('7210022006', '721002', 'Patimbe', NULL, NULL),
('7210022007', '721002', 'Ampera', NULL, NULL),
('7210022008', '721002', 'Rejeki', NULL, NULL),
('7210022009', '721002', 'Sintuwu', NULL, NULL),
('7210022010', '721002', 'Sigimpu', NULL, NULL),
('7210022011', '721002', 'Bakubakulu', NULL, NULL),
('7210022012', '721002', 'Bahagia', NULL, NULL),
('7210022013', '721002', 'Rahmat', NULL, NULL),
('7210022014', '721002', 'Tanah Harapan', NULL, NULL),
('7210022015', '721002', 'Ranteleda', NULL, NULL),
('7210022016', '721002', 'Tongoa', NULL, NULL),
('7210022017', '721002', 'Lembantongoa', NULL, NULL),
('7210022018', '721002', 'Uwe Nuni', NULL, NULL),
('7210022019', '721002', 'Sejahtera', NULL, NULL),
('7210022020', '721002', 'Ue rani', NULL, NULL),
('7210022021', '721002', 'Karunia', NULL, NULL),
('7210022022', '721002', 'Sarumana', NULL, NULL),
('7210032001', '721003', 'Kamarora A', NULL, NULL),
('7210032002', '721003', 'Kamarora B', NULL, NULL),
('7210032003', '721003', 'Kadidia', NULL, NULL),
('7210032004', '721003', 'Sopu', NULL, NULL),
('7210032005', '721003', 'Bulili', NULL, NULL),
('7210042001', '721004', 'Puroo', NULL, NULL),
('7210042002', '721004', 'Langko', NULL, NULL),
('7210042003', '721004', 'Tomado', NULL, NULL),
('7210042004', '721004', 'Anca', NULL, NULL),
('7210042005', '721004', 'Olu', NULL, NULL),
('7210052001', '721005', 'Siwongi', NULL, NULL),
('7210052002', '721005', 'Banggaiba', NULL, NULL),
('7210052003', '721005', 'Tangkulowi', NULL, NULL),
('7210052004', '721005', 'Boladangko', NULL, NULL),
('7210052005', '721005', 'Lonca', NULL, NULL),
('7210052006', '721005', 'Rantewulu', NULL, NULL),
('7210052007', '721005', 'Towulu', NULL, NULL),
('7210052008', '721005', 'Winatu', NULL, NULL),
('7210052009', '721005', 'Sungku', NULL, NULL),
('7210052010', '721005', 'Bolapapu', NULL, NULL),
('7210052011', '721005', 'Mataue', NULL, NULL),
('7210052012', '721005', 'Toro', NULL, NULL),
('7210052013', '721005', 'Salua', NULL, NULL),
('7210052014', '721005', 'Namo', NULL, NULL),
('7210052015', '721005', 'Marena', NULL, NULL),
('7210052016', '721005', 'Poleroa Makuhi', NULL, NULL),
('7210062001', '721006', 'Lempelero', NULL, NULL),
('7210062002', '721006', 'Gimpu', NULL, NULL),
('7210062003', '721006', 'Tomua', NULL, NULL),
('7210062004', '721006', 'Tompi Bugis', NULL, NULL),
('7210062005', '721006', 'Lawua', NULL, NULL),
('7210062006', '721006', 'Watukilo', NULL, NULL),
('7210062007', '721006', 'Salutome', NULL, NULL),
('7210062008', '721006', 'OParese', NULL, NULL),
('7210062009', '721006', 'Pilimakujawa', NULL, NULL),
('7210062010', '721006', 'Moa', NULL, NULL),
('7210062011', '721006', 'Wangka', NULL, NULL),
('7210062012', '721006', 'Palamaki', NULL, NULL),
('7210072001', '721007', 'Koja', NULL, NULL),
('7210072002', '721007', 'Kalamanta', NULL, NULL),
('7210072003', '721007', 'Mamu', NULL, NULL),
('7210072004', '721007', 'Peana', NULL, NULL),
('7210072005', '721007', 'Kantewu', NULL, NULL),
('7210072006', '721007', 'Onu', NULL, NULL),
('7210072007', '721007', 'Mapahi', NULL, NULL),
('7210072008', '721007', 'Banasu', NULL, NULL),
('7210072009', '721007', 'Lonebasa', NULL, NULL),
('7210072010', '721007', 'Lawe', NULL, NULL),
('7210072011', '721007', 'Morui', NULL, NULL),
('7210072012', '721007', 'Kantewu II', NULL, NULL),
('7210072013', '721007', 'Porelea', NULL, NULL),
('7210072014', '721007', 'Tuwo Tanijaya', NULL, NULL),
('7210072015', '721007', 'Pelempea', NULL, NULL),
('7210072016', '721007', 'Morui II', NULL, NULL),
('7210072017', '721007', 'Poluroa', NULL, NULL),
('7210072018', '721007', 'Masewo', NULL, NULL),
('7210072019', '721007', 'Porelea II', NULL, NULL),
('7210082001', '721008', 'Tuwa', NULL, NULL),
('7210082002', '721008', 'Omu', NULL, NULL),
('7210082003', '721008', 'Simoro', NULL, NULL),
('7210082004', '721008', 'Pakuli', NULL, NULL),
('7210082005', '721008', 'Pandere', NULL, NULL),
('7210082006', '721008', 'Kalawara', NULL, NULL),
('7210082007', '721008', 'Pakuli Utara', NULL, NULL),
('7210092001', '721009', 'Bangga', NULL, NULL),
('7210092002', '721009', 'Walatana', NULL, NULL),
('7210092003', '721009', 'Bulubete', NULL, NULL),
('7210092004', '721009', 'Baluase', NULL, NULL),
('7210092005', '721009', 'Rogo', NULL, NULL),
('7210092006', '721009', 'Pulu', NULL, NULL),
('7210092007', '721009', 'Balongga', NULL, NULL),
('7210092008', '721009', 'Sambo', NULL, NULL),
('7210092009', '721009', 'Wisolo', NULL, NULL),
('7210092010', '721009', 'Jono', NULL, NULL),
('7210092011', '721009', 'Poi', NULL, NULL),
('7210092012', '721009', 'Ramba', NULL, NULL),
('7210102001', '721010', 'Lambara', NULL, NULL),
('7210102002', '721010', 'Sibalaya Selatan', NULL, NULL),
('7210102003', '721010', 'Sibalaya Utara', NULL, NULL),
('7210102004', '721010', 'Sibowi', NULL, NULL),
('7210102005', '721010', 'Sibalaya Barat', NULL, NULL),
('7210112001', '721011', 'Sibonu', NULL, NULL),
('7210112002', '721011', 'Kaluku Tinggu', NULL, NULL),
('7210112003', '721011', 'Pewunu', NULL, NULL),
('7210112004', '721011', 'Kaleke', NULL, NULL),
('7210112005', '721011', 'Rarampadende', NULL, NULL),
('7210112006', '721011', 'Balumpewa', NULL, NULL),
('7210112007', '721011', 'Balamoa', NULL, NULL),
('7210112008', '721011', 'Pesaku', NULL, NULL),
('7210112009', '721011', 'Mantikole', NULL, NULL),
('7210112010', '721011', 'Bobo', NULL, NULL),
('7210112011', '721011', 'Balaroa Pewenu', NULL, NULL),
('7210112012', '721011', 'Luku', NULL, NULL),
('7210122001', '721012', 'Tulo', NULL, NULL),
('7210122002', '721012', 'Langaleso', NULL, NULL),
('7210122003', '721012', 'Watubula', NULL, NULL),
('7210122004', '721012', 'Soulowe', NULL, NULL),
('7210122005', '721012', 'Karawana', NULL, NULL),
('7210122006', '721012', 'Kotapulu', NULL, NULL),
('7210122007', '721012', 'Kotarindau', NULL, NULL),
('7210122008', '721012', 'Panturabate', NULL, NULL),
('7210122009', '721012', 'Maku', NULL, NULL),
('7210122010', '721012', 'Potoya', NULL, NULL),
('7210122011', '721012', 'Kabobona', NULL, NULL),
('7210132001', '721013', 'Porame', NULL, NULL),
('7210132002', '721013', 'Balane', NULL, NULL),
('7210132003', '721013', 'Uwemanje', NULL, NULL),
('7210132004', '721013', 'Rondingo', NULL, NULL),
('7210132005', '721013', 'Bolobia', NULL, NULL),
('7210132006', '721013', 'Doda', NULL, NULL),
('7210132007', '721013', 'Kalora', NULL, NULL),
('7210132008', '721013', 'Kanuna', NULL, NULL),
('7210132009', '721013', 'Daenggune', NULL, NULL),
('7210132010', '721013', 'Kayumpia', NULL, NULL),
('7210142001', '721014', 'Lebanu', NULL, NULL),
('7210142002', '721014', 'Bomba', NULL, NULL),
('7210142003', '721014', 'Beka', NULL, NULL),
('7210142004', '721014', 'Sibedi', NULL, NULL),
('7210142005', '721014', 'Padende', NULL, NULL),
('7210142006', '721014', 'Sunju', NULL, NULL),
('7210142007', '721014', 'Tinggede', NULL, NULL),
('7210142008', '721014', 'Baliase', NULL, NULL),
('7210142009', '721014', 'Binangga', NULL, NULL),
('7210142010', '721014', 'Boyabaliase', NULL, NULL),
('7210142011', '721014', 'Tinggede Selatan', NULL, NULL),
('7210152001', '721015', 'Wayu', NULL, NULL),
('7210152002', '721015', 'Taipanggabe', NULL, NULL),
('7210152003', '721015', 'Matantimali', NULL, NULL),
('7210152004', '721015', 'Lewara', NULL, NULL),
('7210152005', '721015', 'Dombu', NULL, NULL),
('7210152006', '721015', 'Soi', NULL, NULL),
('7210152007', '721015', 'Wugaga', NULL, NULL),
('7210152008', '721015', 'Panasibaja', NULL, NULL),
('7210152009', '721015', 'Ongulero', NULL, NULL),
('7210152010', '721015', 'Wiapore', NULL, NULL),
('7210152011', '721015', 'Wawujai', NULL, NULL),
('7210152012', '721015', 'Lemosiranindi', NULL, NULL),
('7211011005', '721101', 'Lompio', NULL, NULL),
('7211011006', '721101', 'Tano Bununungan', NULL, NULL),
('7211011007', '721101', 'Dodung', NULL, NULL),
('7211012001', '721101', 'Lambako', NULL, NULL),
('7211012002', '721101', 'Kokini', NULL, NULL),
('7211012003', '721101', 'Lampa', NULL, NULL),
('7211012004', '721101', 'Tinakin Laut', NULL, NULL),
('7211012008', '721101', 'Potil Pololoba', NULL, NULL),
('7211012009', '721101', 'Dangkalan', NULL, NULL),
('7211012010', '721101', 'Pasir Putih', NULL, NULL),
('7211022001', '721102', 'Kendek', NULL, NULL),
('7211022002', '721102', 'Lokotoy', NULL, NULL),
('7211022003', '721102', 'Popisi', NULL, NULL),
('7211022004', '721102', 'Paisumosoni', NULL, NULL),
('7211022005', '721102', 'Tolisetubono', NULL, NULL),
('7211022006', '721102', 'Bone Baru', NULL, NULL),
('7211032001', '721103', 'Toropot', NULL, NULL),
('7211032002', '721103', 'Kokudang', NULL, NULL),
('7211032003', '721103', 'Kaukes', NULL, NULL),
('7211032004', '721103', 'Bungin', NULL, NULL),
('7211032005', '721103', 'Panapat', NULL, NULL),
('7211032006', '721103', 'Ndindibung', NULL, NULL),
('7211032007', '721103', 'Nggasuang', NULL, NULL),
('7211032008', '721103', 'Mbuang-Mbuang', NULL, NULL),
('7211032009', '721103', 'Timpaus', NULL, NULL),
('7211032010', '721103', 'Kasuari', NULL, NULL),
('7211032011', '721103', 'Sonit', NULL, NULL),
('7211032012', '721103', 'Paisubebe', NULL, NULL),
('7211032013', '721103', 'Mandel', NULL, NULL),
('7211032014', '721103', 'Minanga', NULL, NULL),
('7211032015', '721103', 'Bolokut', NULL, NULL),
('7211032016', '721103', 'Keak', NULL, NULL),
('7211042001', '721104', 'Togong Sagu', NULL, NULL),
('7211042002', '721104', 'Taduno', NULL, NULL),
('7211042003', '721104', 'Kanari', NULL, NULL),
('7211042004', '721104', 'Lantibung', NULL, NULL),
('7211042005', '721104', 'Kalupapi', NULL, NULL),
('7211042006', '721104', 'Bone-Bone', NULL, NULL),
('7211042007', '721104', 'Mbeleang', NULL, NULL),
('7211042008', '721104', 'Tabulang', NULL, NULL),
('7211042009', '721104', 'Sasabobok', NULL, NULL),
('7211042010', '721104', 'Bungin Lawean', NULL, NULL),
('7211042011', '721104', 'Lalong', NULL, NULL),
('7211042012', '721104', 'Dungkean', NULL, NULL),
('7211052001', '721105', 'Lalong', NULL, NULL),
('7211052002', '721105', 'Lipulalongo', NULL, NULL),
('7211052003', '721105', 'Paisulamo', NULL, NULL),
('7211052004', '721105', 'Alasan', NULL, NULL),
('7211052005', '721105', 'Mansalean', NULL, NULL),
('7211052006', '721105', 'Bontosi', NULL, NULL),
('7211052007', '721105', 'Lipu Talas', NULL, NULL),
('7211052008', '721105', 'Padingkian', NULL, NULL),
('7211062001', '721106', 'Matanga', NULL, NULL),
('7211062002', '721106', 'Tolokibit', NULL, NULL),
('7211062003', '721106', 'Bentean', NULL, NULL),
('7211062004', '721106', 'Malino Padas', NULL, NULL),
('7211062005', '721106', 'Kelapa Lima', NULL, NULL),
('7211062006', '721106', 'Labuan Kapelak', NULL, NULL),
('7211072001', '721107', 'Adean', NULL, NULL),
('7211072002', '721107', 'Badumpayan', NULL, NULL),
('7211072003', '721107', 'Timbong', NULL, NULL),
('7211072004', '721107', 'Mominit', NULL, NULL),
('7211072005', '721107', 'Gonggong', NULL, NULL),
('7211072006', '721107', 'Monsongan', NULL, NULL),
('7211072007', '721107', 'Tintingo', NULL, NULL),
('7211072008', '721107', 'Pososlalongo', NULL, NULL),
('7212011001', '721201', 'Kolonodale', NULL, NULL),
('7212011002', '721201', 'Bahontula', NULL, NULL),
('7212011003', '721201', 'Bahoue', NULL, NULL),
('7212012004', '721201', 'Ganda-Ganda', NULL, NULL),
('7212012005', '721201', 'Koya', NULL, NULL),
('7212012006', '721201', 'Gililana', NULL, NULL),
('7212012007', '721201', 'Tanauge', NULL, NULL),
('7212012008', '721201', 'Korololaki', NULL, NULL),
('7212012009', '721201', 'Korololama', NULL, NULL),
('7212012010', '721201', 'Koromatantu', NULL, NULL),
('7212022001', '721202', 'Bunta', NULL, NULL),
('7212022002', '721202', 'Tompira', NULL, NULL),
('7212022003', '721202', 'Bungintimbe', NULL, NULL),
('7212022004', '721202', 'Towara', NULL, NULL),
('7212022005', '721202', 'Molino', NULL, NULL),
('7212022006', '721202', 'Mohoni', NULL, NULL),
('7212022007', '721202', 'Ungkea', NULL, NULL),
('7212022008', '721202', 'Bimor Jaya', NULL, NULL),
('7212022009', '721202', 'Molores', NULL, NULL),
('7212022010', '721202', 'Keuno', NULL, NULL),
('7212022011', '721202', 'Towara Pantai', NULL, NULL),
('7212022012', '721202', 'Peboa', NULL, NULL),
('7212032001', '721203', 'Dolupo Karya', NULL, NULL),
('7212032002', '721203', 'Poona', NULL, NULL),
('7212032003', '721203', 'Petumbea', NULL, NULL),
('7212032004', '721203', 'Ronta', NULL, NULL),
('7212032005', '721203', 'Pontangoa', NULL, NULL),
('7212032006', '721203', 'Jamor Jaya', NULL, NULL),
('7212032007', '721203', 'Paawaru', NULL, NULL),
('7212032008', '721203', 'Lembobelala', NULL, NULL),
('7212032009', '721203', 'Bintangor Mukti', NULL, NULL),
('7212032010', '721203', 'Mandula', NULL, NULL),
('7212042001', '721204', 'Beteleme', NULL, NULL),
('7212042002', '721204', 'Uluanso', NULL, NULL),
('7212042003', '721204', 'Mora', NULL, NULL),
('7212042004', '721204', 'Waraa', NULL, NULL),
('7212042005', '721204', 'Tingkeao', NULL, NULL),
('7212042006', '721204', 'Wawopada', NULL, NULL),
('7212042007', '721204', 'Korowalelo', NULL, NULL),
('7212042008', '721204', 'Tinompo', NULL, NULL),
('7212042009', '721204', 'Kumpi', NULL, NULL),
('7212042010', '721204', 'Korompeeli', NULL, NULL),
('7212042011', '721204', 'Lemboroma', NULL, NULL),
('7212042012', '721204', 'Korowou', NULL, NULL),
('7212042013', '721204', 'Lembobaru', NULL, NULL),
('7212042014', '721204', 'Korobonde', NULL, NULL),
('7212052001', '721205', 'Tomata', NULL, NULL),
('7212052002', '721205', 'Londi', NULL, NULL),
('7212052003', '721205', 'Taende', NULL, NULL),
('7212052004', '721205', 'Ensa', NULL, NULL),
('7212052005', '721205', 'Kolaka', NULL, NULL),
('7212052006', '721205', 'Peonea', NULL, NULL),
('7212052007', '721205', 'Lanumor', NULL, NULL),
('7212052008', '721205', 'Gontara', NULL, NULL),
('7212052009', '721205', 'Lee', NULL, NULL),
('7212052010', '721205', 'Saemba', NULL, NULL),
('7212052011', '721205', 'Kasingoli', NULL, NULL),
('7212052012', '721205', 'Tomui Karya', NULL, NULL),
('7212052013', '721205', 'Saemba Walati', NULL, NULL),
('7212052014', '721205', 'Pambarea', NULL, NULL),
('7212062001', '721206', 'Era', NULL, NULL),
('7212062002', '721206', 'Peleru', NULL, NULL),
('7212062003', '721206', 'Tamonjengi', NULL, NULL),
('7212062004', '721206', 'Mayumba', NULL, NULL),
('7212062005', '721206', 'Tiwa', NULL, NULL),
('7212062006', '721206', 'Lembontonara', NULL, NULL),
('7212062007', '721206', 'Tabarano', NULL, NULL),
('7212062008', '721206', 'Wawondula', NULL, NULL),
('7212072001', '721207', 'Lembah Sumara', NULL, NULL),
('7212072002', '721207', 'Sumara Jaya', NULL, NULL),
('7212072003', '721207', 'Tambayoli', NULL, NULL),
('7212072004', '721207', 'Malino', NULL, NULL),
('7212072005', '721207', 'Panca Makmur', NULL, NULL),
('7212072006', '721207', 'Tamainusi', NULL, NULL),
('7212072007', '721207', 'Bau', NULL, NULL),
('7212072008', '721207', 'Malino Jaya', NULL, NULL),
('7212072009', '721207', 'Toddopoli Uebangke', NULL, NULL),
('7212072010', '721207', 'Tandoyondo', NULL, NULL),
('7212082001', '721208', 'Baturube', NULL, NULL),
('7212082002', '721208', 'Posangke', NULL, NULL),
('7212082003', '721208', 'Taronggo', NULL, NULL),
('7212082004', '721208', 'Ueruru', NULL, NULL),
('7212082005', '721208', 'Uewajo', NULL, NULL),
('7212082006', '721208', 'Tirongan Bawah', NULL, NULL),
('7212082007', '721208', 'Tirongan Atas', NULL, NULL),
('7212082008', '721208', 'Siliti', NULL, NULL),
('7212082009', '721208', 'Lemo', NULL, NULL),
('7212082010', '721208', 'Salubiro', NULL, NULL),
('7212082011', '721208', 'Uemasi', NULL, NULL),
('7212082012', '721208', 'Opo', NULL, NULL),
('7212082013', '721208', 'Tanakuraya', NULL, NULL),
('7212082014', '721208', 'Tambarobone', NULL, NULL),
('7212082015', '721208', 'Woomparigi', NULL, NULL),
('7212082016', '721208', 'Boba', NULL, NULL),
('7212082017', '721208', 'Kalombang', NULL, NULL),
('7212082018', '721208', 'Tokonanaka', NULL, NULL),
('7212082019', '721208', 'Matube', NULL, NULL),
('7212082020', '721208', 'Lemowalia', NULL, NULL),
('7212082021', '721208', 'Uempanapa', NULL, NULL),
('7212082022', '721208', 'Tokala Atas', NULL, NULL),
('7212082023', '721208', 'Pokeang', NULL, NULL),
('7212092001', '721209', 'Pandauke', NULL, NULL),
('7212092002', '721209', 'Kolo Bawah', NULL, NULL),
('7212092003', '721209', 'Kolo Atas', NULL, NULL),
('7212092004', '721209', 'Momo', NULL, NULL),
('7212092005', '721209', 'Tananagaya', NULL, NULL),
('7212092006', '721209', 'Uepakatu', NULL, NULL),
('7212092007', '721209', 'Lijo', NULL, NULL),
('7212092008', '721209', 'Tanasumpu', NULL, NULL),
('7212092009', '721209', 'Parangisi', NULL, NULL),
('7212092010', '721209', 'Girimulya', NULL, NULL),
('7212092011', '721209', 'Winangobino', NULL, NULL),
('7212092012', '721209', 'Tambale', NULL, NULL),
('7212092013', '721209', 'Sea', NULL, NULL),
('7212092014', '721209', 'Menyoe', NULL, NULL),
('7212102001', '721210', 'Tiu', NULL, NULL),
('7212102002', '721210', 'Tontowea', NULL, NULL),
('7212102003', '721210', 'Togo Mulyo', NULL, NULL),
('7212102004', '721210', 'Maralee', NULL, NULL),
('7212102005', '721210', 'Mondowe', NULL, NULL),
('7212102006', '721210', 'Sampalowo', NULL, NULL),
('7212102007', '721210', 'Moleono', NULL, NULL),
('7212102008', '721210', 'Onepute', NULL, NULL),
('7212102009', '721210', 'Ulu Laa', NULL, NULL),
('7212102010', '721210', 'Tadaku Jaya', NULL, NULL),
('7271011004', '727101', 'Besusu Barat', NULL, NULL),
('7271011006', '727101', 'Besusu Tengah', NULL, NULL),
('7271011007', '727101', 'Besusu Timur', NULL, NULL),
('7271011009', '727101', 'Lolu Selatan', NULL, NULL),
('7271011010', '727101', 'Lolu Utara', NULL, NULL),
('7271021002', '727102', 'Ujuna', NULL, NULL),
('7271021005', '727102', 'Balaroa', NULL, NULL),
('7271021007', '727102', 'Kamonji', NULL, NULL),
('7271021008', '727102', 'Baru', NULL, NULL),
('7271021009', '727102', 'Lere', NULL, NULL),
('7271021015', '727102', 'Siranindi', NULL, NULL),
('7271031001', '727103', 'Tatura Utara ', NULL, NULL),
('7271031002', '727103', 'Birobuli Utara ', NULL, NULL),
('7271031003', '727103', 'Petobo', NULL, NULL),
('7271031011', '727103', 'Birobuli Selatan ', NULL, NULL),
('7271031012', '727103', 'Tatura Selatan ', NULL, NULL),
('7271041001', '727104', 'Mamboro', NULL, NULL),
('7271041002', '727104', 'Taipa', NULL, NULL),
('7271041003', '727104', 'Kayumalue Ngapa', NULL, NULL),
('7271041004', '727104', 'Kayumalue Pajeko', NULL, NULL),
('7271041010', '727104', 'Mamboro Barat', NULL, NULL),
('7271051001', '727105', 'Buluri', NULL, NULL),
('7271051002', '727105', 'Donggala Kodi', NULL, NULL),
('7271051003', '727105', 'Kabonena', NULL, NULL),
('7271051004', '727105', 'Silae', NULL, NULL),
('7271051005', '727105', 'Watusampu', NULL, NULL),
('7271051006', '727105', 'Tipo', NULL, NULL),
('7271061001', '727106', 'Nunu', NULL, NULL),
('7271061002', '727106', 'Palupi', NULL, NULL),
('7271061003', '727106', 'Tawanjuka', NULL, NULL),
('7271061004', '727106', 'Pengawu', NULL, NULL),
('7271061005', '727106', 'Duyu', NULL, NULL),
('7271061006', '727106', 'Boyaoge', NULL, NULL),
('7271071001', '727107', 'Pantoloan', NULL, NULL),
('7271071002', '727107', 'Pantoloan Boya', NULL, NULL),
('7271071003', '727107', 'Baiya', NULL, NULL),
('7271071004', '727107', 'Lambara', NULL, NULL),
('7271071005', '727107', 'Panawu', NULL, NULL),
('7271081001', '727108', 'Layana Indah', NULL, NULL),
('7271081002', '727108', 'Tondo', NULL, NULL),
('7271081003', '727108', 'Talise', NULL, NULL),
('7271081004', '727108', 'Tanamodindi', NULL, NULL),
('7271081005', '727108', 'Lasoani', NULL, NULL),
('7271081006', '727108', 'Poboya', NULL, NULL),
('7271081007', '727108', 'Kawatuna', NULL, NULL),
('7271081008', '727108', 'Talise Valangguni', NULL, NULL);

-- --------------------------------------------------------

--
-- Struktur dari tabel `kerusakans`
--

CREATE TABLE `kerusakans` (
  `id_kerusakan` varchar(255) NOT NULL,
  `id_kejadian` varchar(255) DEFAULT NULL,
  `id_lokasi` varchar(255) DEFAULT NULL,
  `rumah_terdampak` varchar(255) DEFAULT NULL,
  `rm_rusak_ringan` varchar(255) DEFAULT NULL,
  `rm_rusak_sedang` varchar(255) DEFAULT NULL,
  `rm_rusak_berat` varchar(255) DEFAULT NULL,
  `sarana_pendidikan` varchar(255) DEFAULT NULL,
  `sarana_ibadah` varchar(255) DEFAULT NULL,
  `sarana_kesehatan` varchar(255) DEFAULT NULL,
  `perkantoran` varchar(255) DEFAULT NULL,
  `bangunan_lain` varchar(255) DEFAULT NULL,
  `jalan` varchar(255) DEFAULT NULL,
  `jembatan` varchar(255) DEFAULT NULL,
  `sawah` varchar(255) DEFAULT NULL,
  `kebun` varchar(255) DEFAULT NULL,
  `tambak` varchar(255) DEFAULT NULL,
  `irigasi` varchar(255) DEFAULT NULL,
  `created_at` datetime DEFAULT NULL,
  `updated_at` datetime DEFAULT NULL,
  `deleted_at` datetime DEFAULT NULL
) ENGINE=InnoDB DEFAULT CHARSET=utf8mb4;

--
-- Dumping data untuk tabel `kerusakans`
--

INSERT INTO `kerusakans` (`id_kerusakan`, `id_kejadian`, `id_lokasi`, `rumah_terdampak`, `rm_rusak_ringan`, `rm_rusak_sedang`, `rm_rusak_berat`, `sarana_pendidikan`, `sarana_ibadah`, `sarana_kesehatan`, `perkantoran`, `bangunan_lain`, `jalan`, `jembatan`, `sawah`, `kebun`, `tambak`, `irigasi`, `created_at`, `updated_at`, `deleted_at`) VALUES
('2948a0fb-fdd5-4039-beda-5c93e4f0ae54', 'ad42b205-6bb8-4275-be77-308ae44cf945', 'fbd7391c-9444-479b-8aff-5bff45ee167d', '8', '8', '8', '8', '8', '8', '8', '8', '8', '8', '8', '8', '8', '8', '8', '2024-05-23 15:58:12', '2024-05-23 15:58:12', NULL),
('5b2216d8-c986-41e7-9712-38a5b0f95046', 'baa3c42a-d139-41e6-b179-d1fd85839f81', '5d345314-e5db-4eac-8cd1-2de21b2f1fe6', '', '', '', '', '', '', '', '', '', '', '', '', '', '', '', '2024-05-23 15:59:02', '2024-05-23 15:59:02', NULL),
('9427d2a4-c101-42d0-85a4-9f8777f409af', '50f06612-b7c7-49ca-9b77-81feec240e4d', '23b6ab5d-aab8-4707-955a-e14d05973cf2', '1', '1', '1', '1', '1', '1', '1', '1', '1', '1', '1', '1', '1', '1', '1', '2024-05-23 15:57:14', '2024-05-23 15:57:14', NULL);

-- --------------------------------------------------------

--
-- Struktur dari tabel `korbans`
--

CREATE TABLE `korbans` (
  `id_korban` varchar(255) NOT NULL,
  `id_kejadian` varchar(255) DEFAULT NULL,
  `id_lokasi` varchar(255) DEFAULT NULL,
  `meninggal` varchar(255) DEFAULT NULL,
  `luka_luka` varchar(255) DEFAULT NULL,
  `sakit` varchar(255) DEFAULT NULL,
  `hilang` varchar(255) DEFAULT NULL,
  `menderita_kk` varchar(255) DEFAULT NULL,
  `menderita_jiwa` varchar(255) DEFAULT NULL,
  `mengungsi_kk` varchar(255) DEFAULT NULL,
  `mengungsi_jiwa` varchar(255) DEFAULT NULL,
  `created_at` datetime DEFAULT NULL,
  `updated_at` datetime DEFAULT NULL
) ENGINE=InnoDB DEFAULT CHARSET=utf8mb4;

--
-- Dumping data untuk tabel `korbans`
--

INSERT INTO `korbans` (`id_korban`, `id_kejadian`, `id_lokasi`, `meninggal`, `luka_luka`, `sakit`, `hilang`, `menderita_kk`, `menderita_jiwa`, `mengungsi_kk`, `mengungsi_jiwa`, `created_at`, `updated_at`) VALUES
('38599ce8-ffd8-4d41-8764-83d25b7d8f81', '50f06612-b7c7-49ca-9b77-81feec240e4d', '23b6ab5d-aab8-4707-955a-e14d05973cf2', '1', '1', '1', '1', '1', '1', '1', '1', '2024-05-23 15:57:14', '2024-05-23 15:57:14'),
('4ebd9db6-b5e3-4959-b0bd-84bf38be57f9', 'ad42b205-6bb8-4275-be77-308ae44cf945', 'fbd7391c-9444-479b-8aff-5bff45ee167d', '8', '8', '8', '8', '8', '8', '8', '8', '2024-05-23 15:58:12', '2024-05-23 15:58:12'),
('7aa4cc75-213c-4a61-8648-45f2e44b2822', 'baa3c42a-d139-41e6-b179-d1fd85839f81', '5d345314-e5db-4eac-8cd1-2de21b2f1fe6', '90', '', '', '', '', '', '', '', '2024-05-23 15:59:02', '2024-05-23 15:59:02');

-- --------------------------------------------------------

--
-- Struktur dari tabel `logpals`
--

CREATE TABLE `logpals` (
  `id` int(11) NOT NULL,
  `nama_barang` varchar(255) DEFAULT NULL,
  `stok` varchar(255) DEFAULT NULL,
  `satuan` varchar(255) DEFAULT NULL,
  `tahun` varchar(255) DEFAULT NULL,
  `sumber` varchar(255) DEFAULT NULL,
  `kondisi` varchar(255) DEFAULT NULL,
  `created_at` datetime DEFAULT NULL,
  `updated_at` datetime DEFAULT NULL
) ENGINE=InnoDB DEFAULT CHARSET=utf8mb4;

--
-- Dumping data untuk tabel `logpals`
--

INSERT INTO `logpals` (`id`, `nama_barang`, `stok`, `satuan`, `tahun`, `sumber`, `kondisi`, `created_at`, `updated_at`) VALUES
(1, 'Perahu Karet', '2', 'Unit', '2023', 'APBD', 'Baik', '2024-05-23 15:55:07', '2024-05-23 15:55:07');

-- --------------------------------------------------------

--
-- Struktur dari tabel `lokasi_kejadians`
--

CREATE TABLE `lokasi_kejadians` (
  `id_lokasi` varchar(255) NOT NULL,
  `id_kejadian` varchar(255) DEFAULT NULL,
  `kab` varchar(255) DEFAULT NULL,
  `kec` varchar(255) DEFAULT NULL,
  `desa` varchar(255) DEFAULT NULL,
  `dusun` varchar(255) DEFAULT NULL,
  `lat` varchar(255) DEFAULT NULL,
  `long` varchar(255) DEFAULT NULL,
  `created_at` datetime DEFAULT NULL,
  `updated_at` datetime DEFAULT NULL,
  `deleted_at` datetime DEFAULT NULL
) ENGINE=InnoDB DEFAULT CHARSET=utf8mb4;

--
-- Dumping data untuk tabel `lokasi_kejadians`
--

INSERT INTO `lokasi_kejadians` (`id_lokasi`, `id_kejadian`, `kab`, `kec`, `desa`, `dusun`, `lat`, `long`, `created_at`, `updated_at`, `deleted_at`) VALUES
('23b6ab5d-aab8-4707-955a-e14d05973cf2', '50f06612-b7c7-49ca-9b77-81feec240e4d', '7203', '720306', '7203062001', 'Dusun 1', '', '', '2024-05-23 15:57:13', '2024-05-23 15:57:13', NULL),
('5d345314-e5db-4eac-8cd1-2de21b2f1fe6', 'baa3c42a-d139-41e6-b179-d1fd85839f81', '7210', '721002', '7210022001', 'Dusun 1', '', '', '2024-05-23 15:59:02', '2024-05-23 15:59:02', NULL),
('fbd7391c-9444-479b-8aff-5bff45ee167d', 'ad42b205-6bb8-4275-be77-308ae44cf945', '7203', '720306', '7203062002', 'Dusun 1', '', '', '2024-05-23 15:58:12', '2024-05-23 15:58:12', NULL);

-- --------------------------------------------------------

--
-- Struktur dari tabel `roles`
--

CREATE TABLE `roles` (
  `id_role` varchar(255) NOT NULL,
  `title` varchar(255) DEFAULT NULL,
  `created_at` datetime DEFAULT NULL,
  `updated_at` datetime DEFAULT NULL
) ENGINE=InnoDB DEFAULT CHARSET=utf8mb4;

--
-- Dumping data untuk tabel `roles`
--

INSERT INTO `roles` (`id_role`, `title`, `created_at`, `updated_at`) VALUES
('124de13e-8cf2-4d41-ae60-92570ee18a5f', 'Dalopsit', '2024-05-23 14:41:30', '2024-05-23 14:41:30'),
('c441297d-be87-44e1-8cdc-dfd3d8b49a80', 'Media', '2024-05-23 14:40:12', '2024-05-23 14:40:12'),
('e765e71d-fb32-42ce-9245-88a7b569b928', 'Data', '2024-05-23 14:39:41', '2024-05-23 14:39:41');

-- --------------------------------------------------------

--
-- Struktur dari tabel `role_accesses`
--

CREATE TABLE `role_accesses` (
  `id_role_access` int(11) NOT NULL,
  `menu` varchar(255) DEFAULT NULL,
  `role_id` varchar(255) DEFAULT NULL,
  `can_create` tinyint(1) DEFAULT 0,
  `can_read` tinyint(1) DEFAULT 0,
  `can_update` tinyint(1) DEFAULT 0,
  `can_delete` tinyint(1) DEFAULT 0,
  `can_other` tinyint(1) DEFAULT 0,
  `created_at` datetime DEFAULT NULL,
  `updated_at` datetime DEFAULT NULL
) ENGINE=InnoDB DEFAULT CHARSET=utf8mb4;

--
-- Dumping data untuk tabel `role_accesses`
--

INSERT INTO `role_accesses` (`id_role_access`, `menu`, `role_id`, `can_create`, `can_read`, `can_update`, `can_delete`, `can_other`, `created_at`, `updated_at`) VALUES
(137, 'Dashboard', 'e765e71d-fb32-42ce-9245-88a7b569b928', 1, 1, 1, 1, 1, '2024-05-23 14:39:41', '2024-05-23 14:39:41'),
(138, 'DataBencana', 'e765e71d-fb32-42ce-9245-88a7b569b928', 1, 1, 1, 1, 1, '2024-05-23 14:39:41', '2024-05-23 14:39:41'),
(139, 'DataLogpal', 'e765e71d-fb32-42ce-9245-88a7b569b928', 1, 1, 1, 1, 1, '2024-05-23 14:39:41', '2024-05-23 14:39:41'),
(140, 'Publikasi', 'e765e71d-fb32-42ce-9245-88a7b569b928', 0, 0, 0, 0, 0, '2024-05-23 14:39:41', '2024-05-23 14:39:41'),
(141, 'Dokumen', 'e765e71d-fb32-42ce-9245-88a7b569b928', 1, 1, 1, 1, 1, '2024-05-23 14:39:41', '2024-05-23 14:39:41'),
(142, 'User', 'e765e71d-fb32-42ce-9245-88a7b569b928', 0, 0, 0, 0, 0, '2024-05-23 14:39:41', '2024-05-23 14:39:41'),
(143, 'Role', 'e765e71d-fb32-42ce-9245-88a7b569b928', 0, 0, 0, 0, 0, '2024-05-23 14:39:41', '2024-05-23 14:39:41'),
(144, 'JenisBencana', 'e765e71d-fb32-42ce-9245-88a7b569b928', 1, 1, 1, 1, 1, '2024-05-23 14:39:41', '2024-05-23 14:39:41'),
(145, 'JenisDokumen', 'e765e71d-fb32-42ce-9245-88a7b569b928', 1, 1, 1, 1, 1, '2024-05-23 14:39:41', '2024-05-23 14:39:41'),
(146, 'Dashboard', 'c441297d-be87-44e1-8cdc-dfd3d8b49a80', 1, 1, 1, 1, 1, '2024-05-23 14:40:12', '2024-05-23 14:40:12'),
(147, 'DataBencana', 'c441297d-be87-44e1-8cdc-dfd3d8b49a80', 0, 0, 0, 0, 0, '2024-05-23 14:40:12', '2024-05-23 14:40:12'),
(148, 'DataLogpal', 'c441297d-be87-44e1-8cdc-dfd3d8b49a80', 0, 0, 0, 0, 0, '2024-05-23 14:40:12', '2024-05-23 14:40:12'),
(149, 'Publikasi', 'c441297d-be87-44e1-8cdc-dfd3d8b49a80', 1, 1, 1, 1, 1, '2024-05-23 14:40:12', '2024-05-23 14:40:12'),
(150, 'Dokumen', 'c441297d-be87-44e1-8cdc-dfd3d8b49a80', 0, 0, 0, 0, 0, '2024-05-23 14:40:12', '2024-05-23 14:40:12'),
(151, 'User', 'c441297d-be87-44e1-8cdc-dfd3d8b49a80', 0, 0, 0, 0, 0, '2024-05-23 14:40:12', '2024-05-23 14:40:12'),
(152, 'Role', 'c441297d-be87-44e1-8cdc-dfd3d8b49a80', 0, 0, 0, 0, 0, '2024-05-23 14:40:12', '2024-05-23 14:40:12'),
(153, 'JenisBencana', 'c441297d-be87-44e1-8cdc-dfd3d8b49a80', 0, 0, 0, 0, 0, '2024-05-23 14:40:12', '2024-05-23 14:40:12'),
(154, 'JenisDokumen', 'c441297d-be87-44e1-8cdc-dfd3d8b49a80', 0, 0, 0, 0, 0, '2024-05-23 14:40:12', '2024-05-23 14:40:12'),
(155, 'Dashboard', '124de13e-8cf2-4d41-ae60-92570ee18a5f', 1, 1, 1, 1, 1, '2024-05-23 14:41:30', '2024-05-23 14:41:30'),
(156, 'DataBencana', '124de13e-8cf2-4d41-ae60-92570ee18a5f', 1, 1, 1, 1, 1, '2024-05-23 14:41:30', '2024-05-23 14:41:30'),
(157, 'DataLogpal', '124de13e-8cf2-4d41-ae60-92570ee18a5f', 1, 1, 1, 1, 1, '2024-05-23 14:41:30', '2024-05-23 14:41:30'),
(158, 'Publikasi', '124de13e-8cf2-4d41-ae60-92570ee18a5f', 1, 1, 1, 1, 1, '2024-05-23 14:41:30', '2024-05-23 14:41:30'),
(159, 'Dokumen', '124de13e-8cf2-4d41-ae60-92570ee18a5f', 1, 1, 1, 1, 1, '2024-05-23 14:41:30', '2024-05-23 14:41:30'),
(160, 'User', '124de13e-8cf2-4d41-ae60-92570ee18a5f', 1, 1, 1, 1, 1, '2024-05-23 14:41:30', '2024-05-23 14:41:30'),
(161, 'Role', '124de13e-8cf2-4d41-ae60-92570ee18a5f', 1, 1, 1, 1, 1, '2024-05-23 14:41:30', '2024-05-23 14:41:30'),
(162, 'JenisBencana', '124de13e-8cf2-4d41-ae60-92570ee18a5f', 1, 1, 1, 1, 1, '2024-05-23 14:41:30', '2024-05-23 14:41:30'),
(163, 'JenisDokumen', '124de13e-8cf2-4d41-ae60-92570ee18a5f', 1, 1, 1, 1, 1, '2024-05-23 14:41:30', '2024-05-23 14:41:30');

-- --------------------------------------------------------

--
-- Struktur dari tabel `sktds`
--

CREATE TABLE `sktds` (
  `id_sktd` int(11) NOT NULL,
  `id_kejadian` varchar(255) DEFAULT NULL,
  `url` varchar(255) DEFAULT NULL,
  `file` varchar(255) DEFAULT NULL,
  `created_at` datetime DEFAULT NULL,
  `updated_at` datetime DEFAULT NULL
) ENGINE=InnoDB DEFAULT CHARSET=utf8mb4;

-- --------------------------------------------------------

--
-- Struktur dari tabel `users`
--

CREATE TABLE `users` (
  `id_user` int(11) NOT NULL,
  `username` varchar(255) DEFAULT NULL,
  `password` varchar(255) DEFAULT NULL,
  `telepon` varchar(255) DEFAULT NULL,
  `kab` int(11) DEFAULT NULL,
  `url` varchar(255) DEFAULT NULL,
  `image` varchar(255) DEFAULT NULL,
  `role_id` varchar(255) DEFAULT NULL,
  `is_active` tinyint(1) DEFAULT 0,
  `created_at` datetime DEFAULT NULL,
  `updated_at` datetime DEFAULT NULL,
  `deleted_at` datetime DEFAULT NULL
) ENGINE=InnoDB DEFAULT CHARSET=utf8mb4;

--
-- Dumping data untuk tabel `users`
--

INSERT INTO `users` (`id_user`, `username`, `password`, `telepon`, `kab`, `url`, `image`, `role_id`, `is_active`, `created_at`, `updated_at`, `deleted_at`) VALUES
(7, 'sabda', '123', '085568373838', 7206, 'http://localhost:5001/public/images/default.png', 'default.png', '57375a24-da64-4be9-887f-b5072188add3', 0, '2024-05-19 09:42:54', '2024-05-19 09:45:52', '2024-05-23 14:38:52'),
(8, 'ultra', '123', '0987654321', 7201, 'http://localhost:5001/public/images/default.png', 'default.png', '57375a24-da64-4be9-887f-b5072188add3', 1, '2024-05-19 09:45:00', '2024-05-19 09:50:19', '2024-05-23 14:38:54'),
(9, 'media', '1121', '082222222222222', 1121, 'http://localhost:5001/public/images/default.png', 'default.png', 'c441297d-be87-44e1-8cdc-dfd3d8b49a80', 1, '2024-05-23 14:44:33', '2024-05-23 14:44:33', NULL),
(10, 'data', '1121', '0823333333333', 1121, 'http://localhost:5001/public/images/default.png', 'default.png', 'e765e71d-fb32-42ce-9245-88a7b569b928', 1, '2024-05-23 14:45:25', '2024-05-23 14:45:25', NULL),
(11, 'dalopsit', '123', '085568373838', 1121, 'http://localhost:5001/public/images/default.png', 'default.png', '124de13e-8cf2-4d41-ae60-92570ee18a5f', 1, '2024-05-23 14:45:43', '2024-05-23 14:45:53', NULL);

--
-- Indexes for dumped tables
--

--
-- Indeks untuk tabel `asset_videos`
--
ALTER TABLE `asset_videos`
  ADD PRIMARY KEY (`id`);

--
-- Indeks untuk tabel `berita`
--
ALTER TABLE `berita`
  ADD PRIMARY KEY (`id`);

--
-- Indeks untuk tabel `dokumens`
--
ALTER TABLE `dokumens`
  ADD PRIMARY KEY (`id`),
  ADD KEY `id_jenis_dokumen` (`id_jenis_dokumen`);

--
-- Indeks untuk tabel `dokumentasis`
--
ALTER TABLE `dokumentasis`
  ADD PRIMARY KEY (`id_dokumentasi`);

--
-- Indeks untuk tabel `jenis_dokumens`
--
ALTER TABLE `jenis_dokumens`
  ADD PRIMARY KEY (`id`),
  ADD UNIQUE KEY `id` (`id`);

--
-- Indeks untuk tabel `jenis_kejadians`
--
ALTER TABLE `jenis_kejadians`
  ADD PRIMARY KEY (`id`),
  ADD UNIQUE KEY `id` (`id`);

--
-- Indeks untuk tabel `kabupatens`
--
ALTER TABLE `kabupatens`
  ADD PRIMARY KEY (`id`);

--
-- Indeks untuk tabel `kecamatans`
--
ALTER TABLE `kecamatans`
  ADD PRIMARY KEY (`id`);

--
-- Indeks untuk tabel `kejadian_bencanas`
--
ALTER TABLE `kejadian_bencanas`
  ADD PRIMARY KEY (`id_kejadian`),
  ADD UNIQUE KEY `id_kejadian` (`id_kejadian`),
  ADD KEY `id_jenis_kejadian` (`id_jenis_kejadian`);

--
-- Indeks untuk tabel `kelurahans`
--
ALTER TABLE `kelurahans`
  ADD PRIMARY KEY (`id`);

--
-- Indeks untuk tabel `kerusakans`
--
ALTER TABLE `kerusakans`
  ADD PRIMARY KEY (`id_kerusakan`),
  ADD UNIQUE KEY `id_kerusakan` (`id_kerusakan`);

--
-- Indeks untuk tabel `korbans`
--
ALTER TABLE `korbans`
  ADD PRIMARY KEY (`id_korban`),
  ADD UNIQUE KEY `id_korban` (`id_korban`),
  ADD KEY `id_kejadian` (`id_kejadian`);

--
-- Indeks untuk tabel `logpals`
--
ALTER TABLE `logpals`
  ADD PRIMARY KEY (`id`);

--
-- Indeks untuk tabel `lokasi_kejadians`
--
ALTER TABLE `lokasi_kejadians`
  ADD PRIMARY KEY (`id_lokasi`),
  ADD UNIQUE KEY `id_lokasi` (`id_lokasi`),
  ADD KEY `kab` (`kab`),
  ADD KEY `kec` (`kec`),
  ADD KEY `desa` (`desa`);

--
-- Indeks untuk tabel `roles`
--
ALTER TABLE `roles`
  ADD PRIMARY KEY (`id_role`),
  ADD UNIQUE KEY `id_role` (`id_role`),
  ADD UNIQUE KEY `title` (`title`);

--
-- Indeks untuk tabel `role_accesses`
--
ALTER TABLE `role_accesses`
  ADD PRIMARY KEY (`id_role_access`);

--
-- Indeks untuk tabel `sktds`
--
ALTER TABLE `sktds`
  ADD PRIMARY KEY (`id_sktd`);

--
-- Indeks untuk tabel `users`
--
ALTER TABLE `users`
  ADD PRIMARY KEY (`id_user`);

--
-- AUTO_INCREMENT untuk tabel yang dibuang
--

--
-- AUTO_INCREMENT untuk tabel `asset_videos`
--
ALTER TABLE `asset_videos`
  MODIFY `id` int(11) NOT NULL AUTO_INCREMENT, AUTO_INCREMENT=5;

--
-- AUTO_INCREMENT untuk tabel `berita`
--
ALTER TABLE `berita`
  MODIFY `id` int(11) NOT NULL AUTO_INCREMENT, AUTO_INCREMENT=5;

--
-- AUTO_INCREMENT untuk tabel `dokumens`
--
ALTER TABLE `dokumens`
  MODIFY `id` int(11) NOT NULL AUTO_INCREMENT, AUTO_INCREMENT=2;

--
-- AUTO_INCREMENT untuk tabel `dokumentasis`
--
ALTER TABLE `dokumentasis`
  MODIFY `id_dokumentasi` int(11) NOT NULL AUTO_INCREMENT, AUTO_INCREMENT=4;

--
-- AUTO_INCREMENT untuk tabel `logpals`
--
ALTER TABLE `logpals`
  MODIFY `id` int(11) NOT NULL AUTO_INCREMENT, AUTO_INCREMENT=2;

--
-- AUTO_INCREMENT untuk tabel `role_accesses`
--
ALTER TABLE `role_accesses`
  MODIFY `id_role_access` int(11) NOT NULL AUTO_INCREMENT, AUTO_INCREMENT=164;

--
-- AUTO_INCREMENT untuk tabel `sktds`
--
ALTER TABLE `sktds`
  MODIFY `id_sktd` int(11) NOT NULL AUTO_INCREMENT;

--
-- AUTO_INCREMENT untuk tabel `users`
--
ALTER TABLE `users`
  MODIFY `id_user` int(11) NOT NULL AUTO_INCREMENT, AUTO_INCREMENT=12;

--
-- Ketidakleluasaan untuk tabel pelimpahan (Dumped Tables)
--

--
-- Ketidakleluasaan untuk tabel `dokumens`
--
ALTER TABLE `dokumens`
  ADD CONSTRAINT `dokumens_ibfk_1` FOREIGN KEY (`id_jenis_dokumen`) REFERENCES `jenis_dokumens` (`id`) ON DELETE NO ACTION ON UPDATE CASCADE;

--
-- Ketidakleluasaan untuk tabel `kejadian_bencanas`
--
ALTER TABLE `kejadian_bencanas`
  ADD CONSTRAINT `kejadian_bencanas_ibfk_1` FOREIGN KEY (`id_jenis_kejadian`) REFERENCES `jenis_kejadians` (`id`) ON DELETE NO ACTION ON UPDATE CASCADE;

--
-- Ketidakleluasaan untuk tabel `korbans`
--
ALTER TABLE `korbans`
  ADD CONSTRAINT `korbans_ibfk_1` FOREIGN KEY (`id_kejadian`) REFERENCES `kejadian_bencanas` (`id_kejadian`) ON DELETE NO ACTION ON UPDATE CASCADE;

--
-- Ketidakleluasaan untuk tabel `lokasi_kejadians`
--
ALTER TABLE `lokasi_kejadians`
  ADD CONSTRAINT `lokasi_kejadians_ibfk_1` FOREIGN KEY (`kab`) REFERENCES `kabupatens` (`id`) ON DELETE NO ACTION ON UPDATE CASCADE,
  ADD CONSTRAINT `lokasi_kejadians_ibfk_2` FOREIGN KEY (`kec`) REFERENCES `kecamatans` (`id`) ON DELETE NO ACTION ON UPDATE CASCADE,
  ADD CONSTRAINT `lokasi_kejadians_ibfk_3` FOREIGN KEY (`desa`) REFERENCES `kelurahans` (`id`) ON DELETE NO ACTION ON UPDATE CASCADE;
COMMIT;

/*!40101 SET CHARACTER_SET_CLIENT=@OLD_CHARACTER_SET_CLIENT */;
/*!40101 SET CHARACTER_SET_RESULTS=@OLD_CHARACTER_SET_RESULTS */;
/*!40101 SET COLLATION_CONNECTION=@OLD_COLLATION_CONNECTION */;
